Symbol,Price,Type,Strike,"Exp Date",DTE,Bid,Midpoint,Ask,Last,Volume,"Open Int",Vol/OI,IV,Delta,Time
PBR,14.8,Call,15,2023-06-30,9,0.25,0.27,0.28,0.27,22195,203,109.33,42.52%,0.400426,"11:08 ET"
PSNY,3.62,Call,6,2024-01-19,212,0.31,0.33,0.35,0.35,7504,132,56.85,81.31%,0.322754,"10:35 ET"
BAC,28.84,Call,23,2023-07-21,30,6.05,6.1,6.15,5.95,14700,390,37.69,57.29%,0.929339,"10:49 ET"
AMD,112.93,Call,113,2023-06-23,2,1.59,1.6,1.6,1.59,6684,187,35.74,62.42%,0.42902,"11:12 ET"
AAL,16.17,Put,16,2023-07-14,23,0.45,0.46,0.48,0.42,6741,214,31.5,32.30%,-0.452031,"11:05 ET"
MARA,12.25,Put,12,2023-06-23,2,0.45,0.46,0.47,0.49,8005,305,26.25,182.50%,-0.368472,"11:12 ET"
AMD,112.93,Call,114,2023-06-23,2,1.22,1.23,1.24,1.24,5063,270,18.75,63.21%,0.357783,"11:12 ET"
AMD,112.93,Put,103,2023-06-23,2,0.13,0.14,0.14,0.14,10512,578,18.19,71.46%,-0.054644,"11:12 ET"
SPOT,154.27,Call,162.5,2023-06-23,2,0.2,0.25,0.3,0.26,5478,306,17.9,55.37%,0.090419,"11:12 ET"
U,38.24,Call,43,2023-06-23,2,0.11,0.11,0.12,0.11,18250,1161,15.72,118.33%,0.076488,"11:12 ET"
DBX,25.73,Put,25,2023-07-21,30,0.4,0.45,0.5,0.45,1723,119,14.48,26.53%,-0.335981,"11:04 ET"
COIN,57.74,Put,57,2023-06-23,2,1.16,1.2,1.24,1.22,7573,538,14.08,99.61%,-0.388584,"11:12 ET"
AVTR,19.83,Put,17.5,2023-08-18,58,0.3,0.43,0.55,0.4,11376,994,11.44,42.44%,-0.198354,"10:56 ET"
DELL,49.63,Call,50,2023-06-23,2,0.25,0.3,0.35,0.44,3381,314,10.77,35.95%,0.345463,"11:00 ET"
PDD,73.4,Call,78,2023-06-30,9,0.9,0.93,0.95,0.94,3212,306,10.5,55.16%,0.2567,"11:08 ET"
CAT,243.64,Call,245,2023-06-30,9,3.7,3.78,3.85,3.79,2371,235,10.09,25.38%,0.499537,"11:12 ET"
APLD,9.04,Call,11,2023-07-21,30,0.45,0.6,0.75,0.55,2150,224,9.6,117.64%,0.32986,"10:29 ET"
BA,210.04,Put,190,2023-07-28,37,1.82,2.03,2.24,1.92,1052,112,9.39,33.82%,-0.155292,"10:44 ET"
BILL,107.58,Put,107,2023-06-23,2,2,2.13,2.25,2.31,1158,128,9.05,70.43%,-0.475006,"11:10 ET"
NKLA,1.41,Call,0.5,2023-10-20,121,0.89,0.92,0.95,0.93,10040,1111,9.04,118.95%,0.969844,"10:56 ET"
PYPL,67.31,Call,67.5,2023-08-18,58,4.45,4.53,4.6,4.45,11792,1306,9.03,38.33%,0.556941,"11:11 ET"
AMD,112.93,Call,117,2023-06-23,2,0.53,0.54,0.55,0.55,5576,635,8.78,65.63%,0.188385,"11:12 ET"
AMD,112.93,Call,116,2023-06-23,2,0.71,0.72,0.73,0.73,9804,1139,8.61,64.87%,0.236984,"11:12 ET"
LI,34.93,Call,35.5,2023-06-23,2,0.39,0.4,0.4,0.4,1374,171,8.04,71.33%,0.338533,"11:08 ET"
UPST,30.83,Call,32,2023-06-23,2,0.7,0.72,0.74,0.74,2060,257,8.02,134.90%,0.369434,"11:12 ET"
MA,375.01,Call,395,2023-07-21,30,1.65,1.67,1.7,1.7,18849,2387,7.9,16.29%,0.181543,"11:12 ET"
AI,38.26,Call,40.5,2023-06-23,2,1.05,1.08,1.1,1.02,803,103,7.8,188.56%,0.332849,"11:12 ET"
MARA,12.25,Put,12.5,2023-06-23,2,0.73,0.75,0.76,0.74,3416,438,7.8,193.32%,-0.484246,"11:12 ET"
SBLK,18.25,Put,16,2023-08-18,58,0.45,0.5,0.55,0.5,1500,195,7.69,45.75%,-0.231926,"10:30 ET"
BP,35.49,Put,36,2023-06-30,9,0.79,0.8,0.82,0.81,1005,132,7.61,21.67%,-0.66931,"10:14 ET"
ENTG,105.02,Put,85,2023-08-18,58,0.95,1.15,1.35,1.16,2125,286,7.43,47.36%,-0.112029,"10:46 ET"
AMD,112.93,Call,113,2023-06-30,9,3,3.05,3.1,3.05,904,122,7.41,49.72%,0.472895,"11:10 ET"
PBR,14.8,Call,14.5,2023-07-28,37,0.83,0.85,0.87,0.87,1258,170,7.4,43.35%,0.553995,"11:08 ET"
TSLA,267.97,Call,372.5,2023-06-30,9,0.11,0.12,0.13,0.14,943,128,7.37,92.41%,0.009743,"10:59 ET"
AMD,112.93,Call,116,2023-06-30,9,1.98,1.99,2,1.95,1156,157,7.36,50.80%,0.347005,"11:12 ET"
CF,72.94,Call,72,2023-06-30,9,2.25,2.33,2.4,2.32,1436,197,7.29,40.48%,0.589695,"11:11 ET"
GOOGL,120.47,Call,121,2023-06-23,2,0.87,0.89,0.9,0.93,4485,642,6.99,32.64%,0.422338,"11:12 ET"
CAR,219.17,Call,230,2023-08-18,58,14.4,14.75,15.1,15.1,3069,442,6.94,53.22%,0.473422,"10:54 ET"
UBER,42.24,Call,34,2023-07-21,30,8.05,8.1,8.15,8.36,10000,1478,6.77,45.34%,0.955057,"10:48 ET"
NVDA,423.2,Put,465,2023-06-23,2,42.75,43.13,43.5,42.83,1500,222,6.76,58.34%,-0.989707,"11:12 ET"
UPS,173.76,Put,170,2023-06-30,9,0.71,0.73,0.75,0.74,1714,257,6.67,22.85%,-0.205958,"11:10 ET"
MARA,12.25,Call,13.5,2023-06-23,2,0.37,0.38,0.38,0.34,7160,1094,6.54,207.61%,0.325088,"11:12 ET"
CLF,16.24,Put,17.5,2023-06-30,9,1.36,1.38,1.4,1.37,1000,155,6.45,43.62%,-0.866513,"11:06 ET"
BABA,87.47,Put,84,2023-07-21,30,2.32,2.39,2.45,2.27,1044,162,6.44,39.02%,-0.345388,"10:49 ET"
SHOP,62.38,Call,64,2023-07-21,30,2.6,2.62,2.63,2.6,1073,167,6.43,47.00%,0.447498,"11:08 ET"
HIVE,3.79,Call,5,2023-07-21,30,0.1,0.13,0.15,0.15,832,131,6.35,111.33%,0.243427,"11:05 ET"
LULU,381.81,Put,380,2023-06-30,9,6.6,6.75,6.9,5.5,1174,185,6.35,26.02%,-0.52206,"11:00 ET"
DE,415.69,Call,420,2023-06-23,2,2.43,2.59,2.75,2.54,1577,254,6.21,29.02%,0.401588,"11:12 ET"
PTON,7.43,Call,7.5,2023-06-23,2,0.14,0.15,0.15,0.15,2437,396,6.15,100.64%,0.401153,"11:12 ET"
ADBE,479.66,Put,415,2023-08-18,58,4.5,4.6,4.7,4.54,1239,203,6.1,34.71%,-0.129586,"11:11 ET"
AMD,112.93,Put,103,2023-07-21,30,2.14,2.16,2.17,2.18,965,162,5.96,45.94%,-0.234414,"11:11 ET"
ADBE,479.66,Call,495,2023-06-30,9,5,5.13,5.25,5.27,1835,311,5.9,38.95%,0.289349,"11:11 ET"
PLTR,14.63,Put,10,2023-12-15,177,0.72,0.74,0.76,0.7,2042,346,5.9,72.84%,-0.151602,"10:51 ET"
MARA,12.25,Put,12,2023-06-30,9,0.94,0.97,0.99,0.98,895,153,5.85,156.34%,-0.392178,"11:09 ET"
AMD,112.93,Call,118,2023-06-23,2,0.41,0.42,0.42,0.42,11459,1958,5.85,66.90%,0.149608,"11:12 ET"
AMD,112.93,Call,114,2023-06-30,9,2.64,2.66,2.67,2.65,775,133,5.83,50.00%,0.428804,"11:11 ET"
TSLA,267.97,Call,345,2023-07-28,37,4,4.23,4.45,4.24,775,134,5.78,72.94%,0.148736,"11:09 ET"
COST,517.73,Call,555,2023-07-21,30,0.62,0.66,0.69,0.62,4001,693,5.77,14.24%,0.067513,"11:06 ET"
SGML,39.13,Put,35,2023-07-21,30,0.25,0.63,1,0.45,2200,382,5.76,43.77%,-0.163633,"10:31 ET"
SPOT,154.27,Call,165,2023-06-23,2,0.1,0.15,0.2,0.1,4341,763,5.69,54.33%,0.040564,"11:10 ET"
HAL,32.1,Call,39,2023-07-21,30,0.1,0.11,0.12,0.1,6153,1085,5.67,40.44%,0.063908,"10:38 ET"
AMZN,124.82,Call,140,2025-06-20,730,21.3,21.58,21.85,21.92,4715,833,5.66,33.13%,0.569432,"10:57 ET"
TSLA,267.97,Call,335,2023-07-21,30,4.15,4.2,4.25,4.05,3077,551,5.58,75.04%,0.156184,"11:11 ET"
RITM,9.26,Call,10,2024-02-16,240,0.2,0.3,0.4,0.3,543,100,5.43,22.46%,0.308791,"09:30 ET"
AMZN,124.82,Call,137,2023-07-21,30,0.71,0.72,0.73,0.8,1025,195,5.26,29.69%,0.139153,"10:58 ET"
NVDA,423.2,Call,800,2023-10-20,121,1.84,1.88,1.91,1.88,618,118,5.24,55.94%,0.038467,"10:59 ET"
COIN,57.74,Put,53,2023-06-30,9,1.1,1.14,1.17,1.13,2029,388,5.23,86.91%,-0.229407,"11:12 ET"
MARA,12.25,Call,13.5,2023-06-30,9,0.75,0.78,0.81,0.76,2046,392,5.22,149.54%,0.410775,"11:11 ET"
MARA,12.25,Call,13,2023-06-23,2,0.47,0.49,0.5,0.45,22914,4402,5.21,194.49%,0.408276,"11:12 ET"
RIVN,14.81,Put,13.5,2023-07-21,30,0.81,0.83,0.85,0.82,950,184,5.16,80.78%,-0.326884,"11:10 ET"
CPE,34.35,Call,37,2024-01-19,212,4.6,4.75,4.9,4.8,1000,194,5.15,52.61%,0.534135,"10:40 ET"
AMD,112.93,Put,113,2023-07-21,30,6.1,6.15,6.2,6.12,712,139,5.12,45.04%,-0.494413,"11:12 ET"
AMZN,124.82,Call,140,2023-07-14,23,0.3,0.31,0.32,0.32,5371,1049,5.12,31.85%,0.074452,"11:12 ET"
TSLA,267.97,Put,267.5,2023-06-30,9,13.35,13.43,13.5,13.41,4676,933,5.01,64.94%,-0.553003,"11:12 ET"
MARA,12.25,Call,12.5,2023-06-23,2,0.64,0.65,0.66,0.65,19610,3964,4.95,184.26%,0.513943,"11:12 ET"
TSLA,267.97,Put,270,2023-06-23,2,10.8,10.88,10.95,10.75,40189,8121,4.95,80.49%,-0.675086,"11:12 ET"
PLTR,14.63,Call,15,2023-06-23,2,0.22,0.23,0.23,0.22,21147,4286,4.93,96.94%,0.332949,"11:12 ET"
GOOGL,120.47,Put,121,2023-06-23,2,1.43,1.44,1.45,1.45,11616,2360,4.92,31.38%,-0.582369,"11:12 ET"
UCAR,7.63,Put,6,2023-06-23,2,0.1,0.18,0.25,0.15,850,175,4.86,310.97%,-0.152122,"11:11 ET"
TSLA,267.97,Call,270,2023-06-23,2,3.15,3.18,3.2,3.2,77716,16032,4.85,80.17%,0.324711,"11:13 ET"
AFRM,15.25,Call,18.5,2023-06-30,9,0.12,0.13,0.13,0.13,2540,530,4.79,97.50%,0.120425,"10:57 ET"
AZN,73.75,Put,71,2023-06-23,2,0.23,0.3,0.37,0.36,1020,215,4.74,58.77%,-0.197894,"10:31 ET"
TSLA,267.97,Put,272.5,2023-06-23,2,12.7,12.77,12.85,12.75,9986,2138,4.67,81.55%,-0.725896,"11:13 ET"
PDD,73.4,Put,64,2023-06-30,9,0.13,0.15,0.16,0.13,503,108,4.66,54.12%,-0.048552,"10:15 ET"
TSLA,267.97,Put,275,2023-06-23,2,14.8,14.85,14.9,14.85,17939,3848,4.66,84.56%,-0.765203,"11:13 ET"
MO,43.88,Call,43.5,2023-06-23,2,0.57,0.6,0.63,0.54,670,148,4.53,20.08%,0.79241,"11:03 ET"
SPCE,5.49,Put,4.5,2023-07-21,30,0.46,0.46,0.47,0.48,964,213,4.53,154.30%,-0.252546,"10:52 ET"
AMD,112.93,Put,112,2023-06-23,2,2.12,2.14,2.15,2.12,11733,2597,4.52,63.33%,-0.494872,"11:12 ET"
TSLA,267.97,Put,277.5,2023-06-23,2,16.8,16.9,17,17.55,3974,891,4.46,85.30%,-0.805129,"11:11 ET"
PSTG,36.25,Put,38,2023-07-21,30,2.35,2.4,2.45,2.25,1003,226,4.44,31.31%,-0.695285,"10:43 ET"
AMD,112.93,Call,117,2023-06-30,9,1.71,1.72,1.73,1.7,1200,272,4.41,51.26%,0.310027,"11:12 ET"
LULU,381.81,Call,400,2023-07-07,16,1.49,1.55,1.61,1.49,2940,669,4.39,24.16%,0.15292,"11:12 ET"
TSLA,267.97,Call,267.5,2023-06-23,2,3.85,3.9,3.95,3.9,21221,4960,4.28,78.42%,0.379913,"11:13 ET"
PLTR,14.63,Call,15.5,2023-06-30,9,0.36,0.37,0.37,0.36,4562,1068,4.27,79.97%,0.323542,"11:12 ET"
ATVI,81.74,Put,77.5,2023-07-21,30,1.46,1.52,1.57,1.53,14107,3303,4.27,36.54%,-0.275448,"10:53 ET"
UBER,42.24,Put,43,2023-07-21,30,2.11,2.13,2.14,2.05,910,216,4.21,32.52%,-0.586073,"11:06 ET"
SPOT,154.27,Call,170,2023-07-21,30,1.4,1.48,1.55,1.37,2216,536,4.13,35.31%,0.182431,"11:11 ET"
SBUX,101.51,Put,101,2023-06-23,2,0.35,0.36,0.36,0.34,2813,686,4.1,23.07%,-0.313822,"11:09 ET"
GOOGL,120.47,Call,122,2023-06-23,2,0.54,0.55,0.56,0.56,6267,1533,4.09,33.41%,0.300234,"11:12 ET"
TSLA,267.97,Call,275,2023-06-23,2,2.12,2.13,2.14,2.12,57529,14292,4.03,83.28%,0.231798,"11:13 ET"
TSLA,267.97,Call,280,2023-06-23,2,1.41,1.42,1.43,1.44,76672,19015,4.03,86.92%,0.163626,"11:12 ET"
HUYA,3.78,Call,4,2023-10-20,121,0.45,0.55,0.65,0.56,808,201,4.02,75.06%,0.53797,"10:57 ET"
SNAP,10.27,Put,9.5,2023-07-21,30,0.44,0.45,0.45,0.44,521,130,4.01,66.19%,-0.317312,"11:05 ET"
AVGO,851.25,Call,880,2023-06-30,9,5,5.2,5.4,5.3,782,195,4.01,31.96%,0.222383,"11:09 ET"
AMD,112.93,Put,114,2023-06-23,2,3.25,3.3,3.35,3.31,9720,2430,4,63.79%,-0.641439,"11:12 ET"
VRT,22.68,Call,32.5,2024-01-19,212,0.85,0.9,0.95,0.9,1497,377,3.97,47.00%,0.226452,"11:12 ET"
TSLA,267.97,Put,265,2023-06-23,2,7.45,7.48,7.5,7.49,42033,10648,3.95,77.99%,-0.558092,"11:13 ET"
BP,35.49,Put,35,2023-06-30,9,0.31,0.32,0.33,0.3,586,151,3.88,23.27%,-0.356984,"11:05 ET"
FSR,5.49,Call,5.5,2023-06-23,2,0.13,0.14,0.15,0.15,684,178,3.84,104.19%,0.479072,"11:10 ET"
CRWD,145.04,Put,90,2024-06-21,366,4.5,4.55,4.6,4.3,504,132,3.82,50.96%,-0.103958,"10:25 ET"
BX,90,Put,87,2023-06-23,2,0.09,0.12,0.15,0.13,542,143,3.79,36.94%,-0.108465,"09:58 ET"
U,38.24,Call,42,2023-06-23,2,0.15,0.16,0.16,0.16,6937,1852,3.75,112.12%,0.109445,"11:11 ET"
TSLA,267.97,Put,280,2023-06-23,2,18.95,19.05,19.15,18.9,4761,1281,3.72,86.38%,-0.838786,"11:12 ET"
CVS,68.88,Call,69,2023-06-23,2,0.76,0.77,0.78,0.77,7868,2118,3.71,26.72%,0.619062,"11:12 ET"
ATHM,28.52,Put,25,2023-08-18,58,0.45,0.63,0.8,0.6,1407,382,3.68,43.17%,-0.202433,"10:00 ET"
CIM,5.62,Call,6,2023-09-15,86,0.1,0.15,0.2,0.15,2813,765,3.68,30.77%,0.30588,"11:00 ET"
AMD,112.93,Put,113,2023-06-23,2,2.63,2.67,2.7,2.63,10215,2794,3.66,62.06%,-0.572056,"11:12 ET"
INTC,33.78,Put,33,2023-06-23,2,0.26,0.27,0.27,0.28,12014,3313,3.63,65.68%,-0.25903,"11:09 ET"
TSLA,267.97,Put,267.5,2023-06-23,2,9,9.08,9.15,9.03,22495,6266,3.59,78.12%,-0.621115,"11:12 ET"
LI,34.93,Call,36,2023-06-23,2,0.27,0.28,0.29,0.29,2492,699,3.57,74.62%,0.258192,"11:04 ET"
VKTX,21.52,Put,20,2023-08-18,58,1.75,1.85,1.95,1.9,507,143,3.55,81.78%,-0.337526,"11:07 ET"
SQ,65.14,Put,57.5,2023-08-18,58,2.38,2.4,2.41,2.38,2947,832,3.54,56.35%,-0.24523,"11:12 ET"
TSLA,267.97,Put,265,2023-06-30,9,11.85,11.9,11.95,11.95,7948,2254,3.53,64.79%,-0.51644,"11:13 ET"
UPST,30.83,Call,33,2023-06-23,2,0.48,0.49,0.5,0.51,801,228,3.51,138.78%,0.267379,"11:09 ET"
NKE,108.85,Call,110,2023-09-15,86,6.35,6.4,6.45,6.35,7470,2140,3.49,29.74%,0.532009,"11:01 ET"
NKLA,1.41,Put,1,2023-07-28,37,0.23,0.24,0.24,0.24,4051,1172,3.46,283.02%,-0.202197,"11:10 ET"
MANU,23.17,Call,24,2023-06-23,2,0.5,0.53,0.55,0.49,3415,1000,3.42,138.86%,0.349778,"11:12 ET"
UPST,30.83,Call,33.5,2023-06-23,2,0.4,0.41,0.42,0.42,772,227,3.4,144.10%,0.231172,"11:10 ET"
ZS,143.77,Put,140,2023-06-23,2,0.81,0.89,0.97,0.85,612,182,3.36,55.81%,-0.238215,"11:12 ET"
TSLA,267.97,Put,270,2023-06-30,9,14.95,15.02,15.1,15,7090,2125,3.34,65.35%,-0.588162,"11:12 ET"
TWLO,64.88,Call,65,2023-06-30,9,2.12,2.18,2.24,2.17,1982,595,3.33,59.06%,0.488004,"11:12 ET"
TAL,5.7,Put,5.5,2024-01-19,212,0.89,0.92,0.95,0.86,909,274,3.32,64.12%,-0.365422,"10:14 ET"
TSLA,267.97,Call,272.5,2023-06-23,2,2.59,2.61,2.62,2.6,22136,6767,3.27,81.60%,0.27489,"11:13 ET"
AMZN,124.82,Put,113,2023-06-30,9,0.14,0.15,0.15,0.14,2181,670,3.26,36.21%,-0.046993,"10:49 ET"
AMC,4.57,Put,5.5,2023-07-21,30,1.78,1.88,1.98,1.87,761,234,3.25,238.77%,-0.476363,"10:57 ET"
TSLA,267.97,Call,277.5,2023-06-23,2,1.72,1.73,1.75,1.74,24741,7612,3.25,85.21%,0.195313,"11:13 ET"
UPST,30.83,Call,31,2023-06-23,2,1.02,1.05,1.08,1.04,502,155,3.24,124.78%,0.490267,"11:12 ET"
AMD,112.93,Call,118,2023-07-07,16,2.14,2.16,2.18,2.15,667,207,3.22,46.63%,0.319057,"11:11 ET"
MARA,12.25,Call,13,2023-06-30,9,0.91,0.94,0.96,0.94,5754,1788,3.22,150.08%,0.4746,"11:12 ET"
SMAR,38.35,Put,35,2023-07-21,30,0.55,0.63,0.7,0.6,619,193,3.21,43.51%,-0.209444,"10:49 ET"
CWH,28.02,Call,29,2023-06-23,2,0.1,0.18,0.25,0.25,1543,486,3.17,71.17%,0.280134,"10:47 ET"
EBAY,44.34,Put,45,2023-06-30,9,0.98,0.99,1,0.95,2528,806,3.14,23.54%,-0.632023,"11:06 ET"
PAAS,14.46,Put,15,2023-08-18,58,1.15,1.17,1.2,1.17,2144,684,3.13,37.12%,-0.573739,"11:12 ET"
PARA,15.66,Put,15.5,2023-07-21,30,0.66,0.67,0.67,0.66,583,188,3.1,42.21%,-0.435365,"10:44 ET"
RBLX,39.35,Put,39.5,2023-06-23,2,0.9,0.93,0.95,0.97,1342,433,3.1,68.27%,-0.540262,"11:11 ET"
GGB,5.34,Put,5,2024-01-19,212,0.4,0.45,0.5,0.5,500,162,3.09,39.69%,-0.365959,"10:13 ET"
UBER,42.24,Call,43,2023-07-21,30,1.13,1.14,1.15,1.13,1065,346,3.08,32.37%,0.420772,"11:11 ET"
MARA,12.25,Call,16,2023-06-23,2,0.1,0.11,0.11,0.1,1421,462,3.08,247.22%,0.099868,"11:10 ET"
MARA,12.25,Call,12.5,2023-06-30,9,1.11,1.13,1.14,1.07,4543,1482,3.07,147.26%,0.539919,"11:12 ET"
AMD,112.93,Put,108,2023-06-23,2,0.67,0.68,0.69,0.68,3032,990,3.06,64.25%,-0.21812,"11:12 ET"
DIS,88.5,Call,91,2023-07-07,16,0.87,0.88,0.89,0.88,3097,1014,3.05,22.89%,0.324806,"11:10 ET"
ABR,14.42,Put,15,2024-01-19,212,1.85,1.98,2.1,2.05,3002,988,3.04,35.15%,-0.518714,"11:12 ET"
LCID,6.09,Call,6.5,2023-06-30,9,0.16,0.17,0.17,0.18,9398,3093,3.04,89.88%,0.321209,"11:08 ET"
TSM,102.39,Put,100,2023-06-23,2,0.49,0.5,0.51,0.5,5618,1863,3.02,39.25%,-0.271839,"11:12 ET"
NVDA,423.2,Call,430,2023-06-23,2,3.55,3.58,3.6,3.55,20274,6710,3.02,53.27%,0.330882,"11:13 ET"
AMD,112.93,Call,112,2023-06-23,2,2.01,2.03,2.04,2.05,1489,498,2.99,62.01%,0.505314,"11:12 ET"
SPOT,154.27,Call,160,2023-06-23,2,0.4,0.45,0.5,0.46,2227,747,2.98,51.92%,0.152353,"11:12 ET"
NVDA,423.2,Call,515,2023-06-30,9,0.27,0.28,0.28,0.28,771,260,2.97,59.76%,0.019854,"11:06 ET"
TSLA,267.97,Call,270,2023-06-30,9,7.6,7.68,7.75,7.72,18240,6150,2.97,66.17%,0.41481,"11:12 ET"
RIOT,11.49,Call,12.5,2023-06-23,2,0.21,0.22,0.22,0.21,5820,1972,2.95,152.35%,0.275528,"11:13 ET"
LYFT,9.55,Put,10,2023-06-30,9,0.63,0.64,0.65,0.6,506,173,2.92,60.99%,-0.668639,"10:35 ET"
SCHW,53.51,Put,50.5,2023-06-30,9,0.18,0.19,0.2,0.22,1029,356,2.89,34.76%,-0.127194,"10:03 ET"
UBER,42.24,Put,39.5,2023-06-30,9,0.2,0.21,0.22,0.21,1042,360,2.89,38.21%,-0.155765,"11:07 ET"
AI,38.26,Put,35,2023-06-23,2,0.8,0.83,0.85,0.85,4783,1654,2.89,179.24%,-0.261623,"11:12 ET"
DLTR,141.21,Call,145,2023-06-23,2,1.02,1.09,1.15,1.15,615,215,2.86,41.22%,0.382354,"11:12 ET"
V,225.71,Put,222.5,2023-06-23,2,0.29,0.3,0.31,0.28,1546,541,2.86,23.95%,-0.144358,"11:06 ET"
MARA,12.25,Call,12.5,2023-07-21,30,1.59,1.62,1.65,1.6,737,259,2.85,113.16%,0.563757,"11:10 ET"
NFLX,429.26,Put,425,2023-06-23,2,5.25,5.35,5.45,5.35,3479,1234,2.82,43.28%,-0.489064,"11:12 ET"
AMD,112.93,Put,111,2023-06-23,2,1.63,1.65,1.66,1.63,6800,2408,2.82,62.88%,-0.418581,"11:12 ET"
ORCL,120.75,Call,120,2023-06-30,9,2.14,2.17,2.2,2.13,2251,805,2.8,24.84%,0.556287,"11:12 ET"
CRWD,145.04,Put,140,2023-06-23,2,0.79,0.82,0.84,0.8,733,263,2.79,51.68%,-0.241892,"11:08 ET"
MARA,12.25,Call,15.5,2023-06-23,2,0.13,0.14,0.14,0.13,1100,394,2.79,241.02%,0.126727,"11:12 ET"
SPCE,5.49,Call,5.5,2023-07-21,30,0.97,0.98,0.98,0.97,665,239,2.78,157.75%,0.586844,"11:05 ET"
MO,43.88,Call,44,2023-06-23,2,0.22,0.23,0.23,0.22,2253,810,2.78,16.08%,0.519327,"11:11 ET"
RBLX,39.35,Call,38,2023-06-30,9,2.1,2.14,2.17,2.15,732,264,2.77,58.50%,0.658798,"11:12 ET"
RBLX,39.35,Put,38.5,2023-06-23,2,0.45,0.46,0.48,0.51,819,299,2.74,68.27%,-0.342078,"11:09 ET"
TSLA,267.97,Put,260,2023-06-30,9,9.2,9.23,9.25,9.25,8461,3087,2.74,64.15%,-0.441539,"11:13 ET"
MARA,12.25,Call,14,2023-06-30,9,0.63,0.66,0.68,0.65,2228,816,2.73,154.69%,0.359492,"11:12 ET"
PLTR,14.63,Put,14.5,2023-07-21,30,1.07,1.08,1.09,1.1,895,329,2.72,66.97%,-0.455026,"11:12 ET"
AMD,112.93,Call,115,2023-06-30,9,2.29,2.3,2.31,2.31,3639,1339,2.72,50.54%,0.387167,"11:12 ET"
MARA,12.25,Call,14,2023-07-07,16,0.75,0.79,0.83,0.82,502,186,2.7,132.84%,0.390599,"11:08 ET"
TSLA,267.97,Put,275,2023-06-30,9,18.4,18.5,18.6,18.5,3106,1151,2.7,66.66%,-0.652753,"11:12 ET"
AMZN,124.82,Call,150,2023-07-28,37,0.46,0.47,0.48,0.51,1432,533,2.69,38.44%,0.072872,"11:07 ET"
JPM,142.66,Call,143,2023-06-30,9,1.97,1.99,2.01,1.91,5012,1871,2.68,20.49%,0.532235,"11:11 ET"
C,47.36,Call,47.5,2023-06-30,9,0.9,0.91,0.92,0.96,1298,486,2.67,28.77%,0.528154,"11:02 ET"
ENTG,105.02,Put,100,2023-08-18,58,4.4,4.6,4.8,4.6,1700,641,2.65,42.09%,-0.354841,"10:46 ET"
UPST,30.83,Put,30,2023-06-23,2,0.76,0.78,0.8,0.77,3686,1389,2.65,125.30%,-0.370992,"11:12 ET"
AMD,112.93,Put,115,2023-06-23,2,3.95,4,4.05,4.01,17213,6552,2.63,64.08%,-0.707203,"11:12 ET"
AMZN,124.82,Put,122,2023-07-21,30,2.88,2.9,2.91,2.9,747,285,2.62,28.39%,-0.391342,"11:12 ET"
MBLY,36.16,Put,35,2023-12-15,177,4.5,4.65,4.8,4.6,757,289,2.62,57.11%,-0.369121,"11:10 ET"
AMD,112.93,Put,109,2023-06-23,2,0.92,0.93,0.94,0.92,3470,1340,2.59,63.42%,-0.27699,"11:12 ET"
FDX,226.63,Put,220,2023-06-30,9,1.09,1.16,1.23,1.14,1180,458,2.58,28.51%,-0.196662,"11:11 ET"
SNOW,175.95,Put,175,2023-06-23,2,3.4,3.47,3.55,3.45,1785,691,2.58,66.29%,-0.492815,"11:12 ET"
ENPH,170.38,Call,172.5,2023-06-23,2,2.15,2.2,2.25,2.23,1064,418,2.55,62.24%,0.406395,"11:12 ET"
FDX,226.63,Call,240,2023-06-23,2,0.17,0.19,0.21,0.2,4305,1703,2.53,43.88%,0.062899,"11:11 ET"
LULU,381.81,Call,390,2023-06-23,2,0.43,0.49,0.54,0.59,1338,531,2.52,32.54%,0.111023,"11:12 ET"
META,280.51,Put,280,2023-06-23,2,3.55,3.6,3.65,3.55,6563,2611,2.51,41.79%,-0.503,"11:13 ET"
TSLA,267.97,Call,297.5,2023-06-23,2,0.33,0.34,0.34,0.34,8535,3409,2.5,97.90%,0.044705,"11:11 ET"
AMD,112.93,Put,117,2023-06-23,2,5.55,5.63,5.7,5.79,7622,3058,2.49,66.59%,-0.808923,"11:11 ET"
META,280.51,Call,285,2023-06-23,2,1.5,1.52,1.53,1.49,11802,4749,2.49,42.16%,0.283468,"11:12 ET"
IREN,4.33,Call,7.5,2023-11-17,149,0.25,0.48,0.7,0.5,675,272,2.48,110.76%,0.344593,"10:47 ET"
AMZN,124.82,Put,125,2023-06-23,2,1.88,1.89,1.9,1.88,13055,5261,2.48,35.48%,-0.618727,"11:12 ET"
AI,38.26,Put,34.5,2023-06-23,2,0.6,0.68,0.75,0.7,561,227,2.47,178.52%,-0.226835,"11:08 ET"
VRM,1.195,Put,15,2024-01-19,212,13.75,13.85,13.95,13.79,718,292,2.46,0.00%,0,"10:15 ET"
RIOT,11.49,Call,14,2023-07-07,16,0.36,0.38,0.39,0.39,1072,435,2.46,115.25%,0.259141,"11:12 ET"
GOOGL,120.47,Put,119,2023-06-30,9,1.33,1.38,1.42,1.43,2089,850,2.46,27.16%,-0.377476,"11:12 ET"
MARA,12.25,Call,15,2023-06-23,2,0.16,0.17,0.17,0.17,4673,1901,2.46,234.50%,0.161144,"11:12 ET"
TSLA,267.97,Put,262.5,2023-06-23,2,5.95,5.98,6,6,13674,5565,2.46,76.45%,-0.493029,"11:13 ET"
AMD,112.93,Call,115,2023-07-07,16,3.05,3.08,3.1,3.1,519,212,2.45,46.16%,0.416994,"11:12 ET"
LCID,6.09,Call,6,2023-07-07,16,0.38,0.39,0.4,0.4,569,232,2.45,76.49%,0.545653,"11:11 ET"
NVDA,423.2,Put,425,2023-06-23,2,7.95,7.98,8,8,18982,7746,2.45,52.49%,-0.5577,"11:13 ET"
CIFR,3,Put,5,2023-09-15,86,2.2,2.3,2.4,2.25,615,252,2.44,131.46%,-0.686119,"11:04 ET"
TSLA,267.97,Put,260,2023-06-23,2,4.75,4.78,4.8,4.75,40046,16529,2.42,75.85%,-0.425533,"11:13 ET"
GOOG,121.2,Call,124,2023-07-21,30,2.39,2.44,2.49,2.44,560,233,2.4,25.03%,0.407239,"11:12 ET"
PM,95.59,Call,95,2023-08-18,58,2.65,2.72,2.8,2.58,642,268,2.4,15.50%,0.559408,"10:42 ET"
KC,6.23,Put,5,2023-08-18,58,0.25,0.3,0.35,0.25,894,372,2.4,78.57%,-0.198931,"09:30 ET"
PLTR,14.63,Call,14,2023-06-23,2,0.7,0.71,0.71,0.71,3673,1533,2.4,97.22%,0.701432,"11:13 ET"
AMZN,124.82,Call,124,2023-06-23,2,1.4,1.41,1.42,1.41,4183,1752,2.39,38.80%,0.50344,"11:12 ET"
PDD,73.4,Call,85,2023-06-30,9,0.23,0.25,0.27,0.25,3667,1543,2.38,63.60%,0.078548,"11:08 ET"
MARA,12.25,Call,12.5,2023-07-07,16,1.25,1.29,1.32,1.24,1147,483,2.37,125.41%,0.548334,"11:08 ET"
MO,43.88,Call,45,2023-08-18,58,0.76,0.77,0.77,0.75,1266,536,2.36,17.90%,0.369749,"11:04 ET"
FDX,226.63,Put,225,2023-06-23,2,1.25,1.31,1.37,1.25,3729,1589,2.35,38.07%,-0.301325,"11:12 ET"
FDX,226.63,Put,220,2023-06-23,2,0.32,0.36,0.4,0.32,4863,2075,2.34,39.28%,-0.100513,"11:12 ET"
COIN,57.74,Call,58,2023-06-23,2,1.65,1.68,1.71,1.68,5631,2409,2.34,96.75%,0.518712,"11:12 ET"
SNOW,175.95,Call,190,2023-06-23,2,0.46,0.48,0.49,0.47,9117,3909,2.33,83.22%,0.09535,"11:12 ET"
DIS,88.5,Call,89,2023-06-30,9,1.26,1.27,1.28,1.22,835,360,2.32,24.14%,0.489987,"11:08 ET"
AMD,112.93,Call,119,2023-06-30,9,1.27,1.28,1.29,1.27,1727,746,2.32,52.09%,0.243897,"11:12 ET"
NFLX,429.26,Put,420,2023-06-23,2,3.1,3.18,3.25,3.1,4040,1739,2.32,42.37%,-0.342668,"11:13 ET"
BUD,56.56,Call,56,2023-06-23,2,0.75,0.8,0.85,0.85,712,308,2.31,29.79%,0.688777,"11:07 ET"
NVDA,423.2,Call,465,2023-07-14,23,5.5,5.58,5.65,5.45,1866,813,2.3,44.52%,0.217777,"11:09 ET"
AMD,112.93,Call,119,2023-06-23,2,0.32,0.33,0.33,0.32,8134,3529,2.3,68.18%,0.118026,"11:12 ET"
IEP,28.37,Put,27,2023-06-23,2,0.25,0.3,0.35,0.25,2015,879,2.29,78.76%,-0.248851,"11:09 ET"
PTON,7.43,Put,7.5,2023-06-23,2,0.29,0.3,0.31,0.3,1406,617,2.28,96.30%,-0.60485,"11:12 ET"
XOM,103.88,Call,104,2023-06-23,2,0.88,0.9,0.91,0.9,2128,932,2.28,29.48%,0.502464,"11:12 ET"
AGNC,10.2,Put,10,2023-07-21,30,0.19,0.21,0.23,0.2,5075,2222,2.28,22.22%,-0.409919,"11:02 ET"
MARA,12.25,Put,11.5,2023-06-30,9,0.7,0.72,0.73,0.73,748,329,2.27,153.08%,-0.325809,"11:12 ET"
RIVN,14.81,Call,18,2023-06-30,9,0.14,0.16,0.18,0.16,1419,625,2.27,112.89%,0.132967,"11:08 ET"
BYND,11.92,Put,11.5,2023-06-30,9,0.67,0.69,0.71,0.69,525,233,2.25,123.69%,-0.38041,"10:48 ET"
MRVL,59.23,Call,61,2023-06-23,2,0.23,0.24,0.24,0.25,1694,753,2.25,55.12%,0.183308,"11:08 ET"
NVDA,423.2,Call,435,2023-06-23,2,2.31,2.33,2.35,2.32,18291,8117,2.25,54.37%,0.237255,"11:13 ET"
AMD,112.93,Put,116,2023-06-23,2,4.7,4.78,4.85,4.81,11116,4991,2.23,65.93%,-0.760047,"11:12 ET"
LOGI,54.17,Call,57.5,2023-07-21,30,0.55,0.58,0.6,0.55,1565,704,2.22,26.80%,0.235048,"11:07 ET"
COST,517.73,Put,525,2023-06-23,2,5.6,5.88,6.15,7.41,556,252,2.21,16.66%,-0.786083,"10:52 ET"
MANU,23.17,Call,23.5,2023-06-23,2,0.35,0.83,1.3,0.75,535,243,2.2,146.38%,0.433941,"11:04 ET"
F,13.99,Put,13.5,2023-07-21,30,0.26,0.27,0.27,0.26,718,326,2.2,28.13%,-0.333602,"11:08 ET"
TSLA,267.97,Call,282.5,2023-06-23,2,1.14,1.15,1.16,1.16,12134,5529,2.19,88.65%,0.1368,"11:13 ET"
TSLA,267.97,Call,280,2023-06-30,9,4.9,4.93,4.95,4.94,14243,6510,2.19,68.50%,0.293746,"11:12 ET"
NVDA,423.2,Put,460,2023-06-23,2,37.75,38.18,38.6,38.07,744,342,2.18,66.11%,-0.959613,"11:13 ET"
AMD,112.93,Put,116,2023-07-07,16,6.5,6.58,6.65,6.24,719,331,2.17,46.01%,-0.621541,"11:06 ET"
BLNK,6.26,Call,6.5,2023-06-30,9,0.21,0.22,0.24,0.22,1352,626,2.16,79.80%,0.414924,"10:50 ET"
SNOW,175.95,Call,185,2023-06-23,2,0.9,0.93,0.96,0.98,5327,2465,2.16,78.28%,0.174966,"11:11 ET"
LRCX,605.77,Call,635,2023-06-23,2,0.52,0.58,0.63,0.6,511,238,2.15,46.52%,0.066781,"11:10 ET"
COIN,57.74,Call,59,2023-06-23,2,1.2,1.23,1.25,1.22,4250,1979,2.15,95.71%,0.422828,"11:12 ET"
GOOGL,120.47,Call,122,2023-07-07,16,1.79,1.99,2.18,1.92,751,351,2.14,25.18%,0.425422,"11:01 ET"
SLB,48,Call,49,2023-06-30,9,0.66,0.68,0.69,0.65,766,358,2.14,33.87%,0.386851,"11:05 ET"
UPST,30.83,Put,31,2023-06-30,9,2.15,2.18,2.2,2.11,1473,689,2.14,107.97%,-0.479877,"11:05 ET"
COIN,57.74,Put,53,2023-06-23,2,0.2,0.21,0.22,0.22,2327,1086,2.14,100.37%,-0.103652,"11:11 ET"
MARA,12.25,Call,13,2023-07-07,16,1.03,1.09,1.14,1.08,1830,861,2.13,125.58%,0.489012,"11:09 ET"
TSLA,267.97,Call,292.5,2023-06-23,2,0.5,0.51,0.51,0.51,10283,4817,2.13,94.90%,0.065089,"11:12 ET"
CRWD,145.04,Put,135,2023-06-30,9,0.96,0.99,1.02,0.97,1101,519,2.12,44.58%,-0.173789,"11:12 ET"
TSLA,267.97,Put,280,2023-06-30,9,22.2,22.3,22.4,22,1290,609,2.12,68.10%,-0.709535,"11:10 ET"
SHOP,62.38,Call,64,2023-06-23,2,0.44,0.45,0.46,0.48,2882,1362,2.12,63.14%,0.262214,"11:12 ET"
AMD,112.93,Put,110,2023-06-23,2,1.24,1.25,1.26,1.25,10211,4814,2.12,63.50%,-0.345806,"11:12 ET"
RIOT,11.49,Call,12,2023-06-23,2,0.32,0.33,0.34,0.34,15807,7467,2.12,146.46%,0.402055,"11:12 ET"
MARA,12.25,Call,8,2023-07-21,30,4.45,4.53,4.6,4.51,831,393,2.11,86.82%,0.97227,"10:51 ET"
META,280.51,Put,280,2023-06-30,9,6.15,6.2,6.25,6.2,2603,1234,2.11,35.51%,-0.488733,"11:12 ET"
INTC,33.78,Call,36,2023-06-23,2,0.18,0.19,0.19,0.18,11567,5474,2.11,78.98%,0.173111,"11:12 ET"
UBER,42.24,Call,45,2023-12-15,177,3.65,3.7,3.75,3.75,5463,2605,2.1,39.46%,0.487048,"11:07 ET"
MARA,12.25,Put,11.5,2023-06-23,2,0.25,0.26,0.26,0.27,3177,1520,2.09,174.17%,-0.249563,"11:12 ET"
KTOS,14.82,Call,17.5,2024-01-19,212,0.9,1,1.1,1.06,948,456,2.08,38.74%,0.395469,"11:12 ET"
PTON,7.43,Call,8.5,2023-06-30,9,0.1,0.11,0.11,0.11,660,320,2.06,97.43%,0.190685,"10:47 ET"
TSLA,267.97,Put,282.5,2023-06-23,2,21.2,21.3,21.4,21.2,733,355,2.06,85.82%,-0.872311,"11:12 ET"
NVDA,423.2,Call,460,2023-06-30,9,2.38,2.4,2.42,2.37,2980,1457,2.05,49.44%,0.146945,"11:12 ET"
TSLA,267.97,Call,267.5,2023-06-30,9,8.5,8.55,8.6,8.6,3455,1696,2.04,65.57%,0.449168,"11:12 ET"
GOOG,121.2,Call,122,2023-06-23,2,0.78,0.79,0.8,0.84,1935,953,2.03,32.67%,0.388752,"11:12 ET"
TSLA,267.97,Put,262.5,2023-06-30,9,10.55,10.55,10.55,10.55,3136,1545,2.03,64.46%,-0.479261,"11:13 ET"
RIOT,11.49,Call,13,2023-06-23,2,0.13,0.14,0.14,0.13,5193,2552,2.03,158.93%,0.184026,"11:12 ET"
NVDA,423.2,Call,475,2023-07-07,16,2.56,2.58,2.6,2.5,692,343,2.02,46.91%,0.129602,"11:04 ET"
ON,88.34,Put,89,2023-06-23,2,1.75,1.8,1.84,1.7,538,267,2.01,42.83%,-0.655823,"11:07 ET"
MSFT,333.6,Call,335,2023-06-23,2,1.91,1.93,1.95,1.92,5499,2755,2,28.48%,0.392111,"11:13 ET"
ATVI,81.74,Put,72.5,2023-07-21,30,0.51,0.58,0.65,0.57,14074,7035,2,38.82%,-0.121172,"11:11 ET"
TSLA,267.97,Call,377.5,2023-06-30,9,0.09,0.1,0.11,0.11,647,327,1.98,94.44%,0.008834,"11:04 ET"
TSLA,267.97,Call,375,2023-06-30,9,0.1,0.11,0.12,0.13,1280,645,1.98,92.95%,0.008957,"11:00 ET"
MARA,12.25,Put,11,2023-06-30,9,0.5,0.52,0.54,0.53,2016,1016,1.98,151.56%,-0.260904,"11:10 ET"
MRO,23.18,Call,23.5,2023-06-23,2,0.15,0.16,0.17,0.16,1542,787,1.96,42.22%,0.338323,"11:12 ET"
UBER,42.24,Call,43,2023-06-23,2,0.15,0.16,0.16,0.15,3203,1633,1.96,42.96%,0.203859,"11:12 ET"
LNG,151.19,Put,130,2023-07-21,30,0.15,0.22,0.3,0.25,5231,2672,1.96,31.86%,-0.04296,"09:41 ET"
NVDA,423.2,Call,440,2023-06-23,2,1.52,1.54,1.55,1.53,24240,12370,1.96,56.15%,0.166986,"11:12 ET"
PLTR,14.63,Put,14,2023-06-23,2,0.21,0.22,0.22,0.21,9396,4829,1.95,98.50%,-0.300803,"11:13 ET"
TSLA,267.97,Call,300,2023-06-23,2,0.27,0.28,0.28,0.28,56470,29060,1.94,99.50%,0.037231,"11:13 ET"
DE,415.69,Put,400,2023-06-23,2,0.17,0.22,0.26,0.21,520,269,1.93,35.01%,-0.046507,"11:11 ET"
MARA,12.25,Call,13,2023-07-21,30,1.4,1.43,1.46,1.49,2187,1132,1.93,115.61%,0.518216,"11:06 ET"
TSLA,267.97,Put,270,2023-07-14,23,20.5,20.65,20.8,20.85,769,401,1.92,63.68%,-0.534914,"11:12 ET"
GOOG,121.2,Call,123,2023-06-23,2,0.48,0.49,0.5,0.51,2034,1058,1.92,33.27%,0.271421,"11:12 ET"
AMZN,124.82,Put,124,2023-06-23,2,1.32,1.33,1.34,1.33,11505,5998,1.92,36.00%,-0.497985,"11:12 ET"
AMD,112.93,Put,106,2023-06-30,9,1.19,1.2,1.21,1.22,831,435,1.91,49.87%,-0.227456,"11:11 ET"
AMZN,124.82,Call,125,2023-06-23,2,0.95,0.96,0.97,0.95,19167,10036,1.91,38.13%,0.39115,"11:12 ET"
UPST,30.83,Call,32.5,2023-06-23,2,0.58,0.6,0.62,0.63,568,301,1.89,136.43%,0.314894,"11:10 ET"
FDX,226.63,Put,225,2023-06-30,9,2.37,2.46,2.54,2.42,624,330,1.89,27.21%,-0.357334,"11:05 ET"
FDX,226.63,Call,237.5,2023-06-23,2,0.26,0.3,0.33,0.29,1004,530,1.89,40.15%,0.092771,"11:07 ET"
PYPL,67.31,Call,70,2023-12-15,177,6.75,6.83,6.9,6.8,1570,831,1.89,37.66%,0.539313,"11:02 ET"
GOOG,121.2,Put,121,2023-06-23,2,1.01,1.03,1.05,0.99,2463,1305,1.89,30.60%,-0.476988,"11:11 ET"
MRVL,59.23,Put,50,2023-08-18,58,0.87,0.89,0.91,0.83,4771,2545,1.87,44.67%,-0.151282,"11:02 ET"
GOOGL,120.47,Put,120,2023-06-30,9,1.73,1.8,1.87,1.76,4841,2594,1.87,26.53%,-0.453813,"11:12 ET"
GOOGL,120.47,Call,123,2023-06-23,2,0.32,0.33,0.34,0.33,6142,3280,1.87,33.76%,0.199115,"11:12 ET"
NET,63.87,Put,63,2023-06-23,2,1.1,1.13,1.15,1.1,577,311,1.86,73.03%,-0.423809,"11:12 ET"
SQ,65.14,Put,64,2023-06-23,2,0.69,0.7,0.71,0.71,1779,955,1.86,60.34%,-0.353242,"11:12 ET"
RIOT,11.49,Call,12.5,2023-06-30,9,0.54,0.55,0.56,0.54,2592,1395,1.86,120.98%,0.386946,"11:11 ET"
FDX,226.63,Call,235,2023-06-23,2,0.46,0.53,0.59,0.5,4155,2236,1.86,37.89%,0.152152,"11:11 ET"
PYPL,67.31,Put,68,2023-06-23,2,1.02,1.04,1.05,1.07,3302,1790,1.84,42.38%,-0.559541,"11:12 ET"
NFLX,429.26,Put,427.5,2023-06-23,2,6.6,6.75,6.9,6.55,1089,599,1.82,43.72%,-0.561258,"11:12 ET"
NVDA,423.2,Call,425,2023-06-23,2,5.25,5.3,5.35,5.25,11978,6582,1.82,52.00%,0.442263,"11:13 ET"
GOOGL,120.47,Put,119,2023-07-21,30,2.59,2.62,2.65,2.62,538,298,1.81,25.21%,-0.405997,"11:12 ET"
AAP,68.2,Call,69,2023-06-30,9,1.4,1.45,1.5,1.45,2240,1240,1.81,37.18%,0.480265,"11:11 ET"
RIVN,14.81,Call,16,2023-06-30,9,0.35,0.36,0.36,0.35,8204,4523,1.81,93.72%,0.283372,"11:12 ET"
TSLA,267.97,Call,285,2023-06-23,2,0.93,0.94,0.95,0.95,22796,12583,1.81,90.40%,0.114307,"11:12 ET"
GOOG,121.2,Call,121,2023-06-23,2,1.23,1.25,1.27,1.3,699,388,1.8,33.07%,0.522895,"11:11 ET"
XPEV,10.78,Put,9,2023-07-07,16,0.1,0.11,0.12,0.1,792,441,1.8,72.87%,-0.117641,"11:06 ET"
TSLA,267.97,Call,362.5,2023-06-30,9,0.17,0.18,0.18,0.19,1879,1044,1.8,90.44%,0.013959,"11:03 ET"
INTC,33.78,Call,34.5,2023-06-23,2,0.52,0.53,0.53,0.53,4045,2241,1.8,74.00%,0.408188,"11:12 ET"
FDX,226.63,Call,230,2023-06-23,2,1.48,1.56,1.64,1.58,2041,1138,1.79,34.85%,0.387633,"11:11 ET"
MARA,12.25,Call,14.5,2023-06-30,9,0.54,0.57,0.59,0.55,678,383,1.77,158.29%,0.31304,"11:12 ET"
AI,38.26,Call,42.5,2023-06-23,2,0.65,0.68,0.7,0.7,1476,834,1.77,198.45%,0.232221,"11:12 ET"
CSCO,50.97,Put,45,2023-08-18,58,0.27,0.29,0.3,0.28,4389,2480,1.77,26.80%,-0.103033,"10:58 ET"
QURE,11.64,Put,10,2023-07-21,30,0.25,0.3,0.35,0.3,6564,3710,1.77,73.89%,-0.196914,"10:59 ET"
DIS,88.5,Call,88,2023-06-23,2,1.17,1.19,1.2,1.17,738,420,1.76,27.76%,0.666923,"11:07 ET"
PFE,38.89,Call,41,2023-07-21,30,0.23,0.24,0.24,0.24,876,498,1.76,18.55%,0.208791,"11:12 ET"
NVDA,423.2,Put,420,2023-06-23,2,5.35,5.4,5.45,5.35,20946,11891,1.76,51.77%,-0.435816,"11:12 ET"
MARA,12.25,Call,12,2023-07-07,16,1.45,1.5,1.54,1.5,1702,971,1.75,123.24%,0.609203,"11:08 ET"
TSLA,267.97,Put,255,2023-06-23,2,2.78,2.79,2.8,2.8,20632,11772,1.75,75.18%,-0.295257,"11:13 ET"
BYND,11.92,Call,17,2023-06-30,9,0.13,0.16,0.18,0.14,500,287,1.74,162.32%,0.10613,"10:41 ET"
MARA,12.25,Call,12,2023-07-28,37,1.94,2.01,2.08,2.02,583,335,1.74,114.14%,0.616101,"11:08 ET"
DIS,88.5,Call,90,2023-06-23,2,0.29,0.3,0.3,0.3,2789,1604,1.74,28.95%,0.262952,"11:12 ET"
NKLA,1.41,Put,2,2023-06-23,2,0.63,0.64,0.65,0.61,500,289,1.73,469.39%,-0.799366,"11:07 ET"
AMAT,136.69,Put,140,2023-08-18,58,8.8,8.85,8.9,8.95,554,320,1.73,33.08%,-0.544393,"11:12 ET"
RIVN,14.81,Call,15.5,2023-07-28,37,1.13,1.17,1.21,1.18,554,320,1.73,83.60%,0.464138,"11:05 ET"
COIN,57.74,Put,57,2023-07-21,30,5,5.05,5.1,5.05,618,357,1.73,86.26%,-0.417047,"11:10 ET"
RIOT,11.49,Call,12.5,2023-07-07,16,0.66,0.68,0.7,0.68,794,460,1.73,105.21%,0.414845,"11:11 ET"
PBR,14.8,Call,15,2023-06-23,2,0.1,0.11,0.11,0.12,1551,898,1.73,47.91%,0.316351,"11:05 ET"
RIOT,11.49,Put,11.5,2023-06-23,2,0.4,0.42,0.43,0.42,1958,1131,1.73,139.08%,-0.441878,"11:12 ET"
YPF,14.91,Call,16,2023-10-20,121,1.45,1.53,1.6,1.55,573,334,1.72,56.49%,0.491787,"11:10 ET"
MARA,12.25,Call,14.5,2023-06-23,2,0.21,0.22,0.22,0.2,1298,759,1.71,224.34%,0.20098,"11:12 ET"
JPM,142.66,Put,140,2023-06-23,2,0.11,0.11,0.12,0.12,2334,1364,1.71,24.12%,-0.098646,"11:12 ET"
FSR,5.49,Call,6.5,2023-07-14,23,0.18,0.2,0.22,0.21,501,295,1.7,98.07%,0.283584,"11:00 ET"
PTON,7.43,Put,5,2024-06-21,366,0.93,0.97,1,0.93,2000,1175,1.7,84.13%,-0.178063,"10:14 ET"
BABA,87.47,Call,120,2025-12-19,912,15.5,16.08,16.65,16.63,602,357,1.69,42.32%,0.511468,"09:58 ET"
MSTR,324.84,Call,350,2023-06-23,2,2.46,2.73,3,2.5,603,356,1.69,97.88%,0.195996,"11:10 ET"
DLO,12.5,Call,14,2023-07-21,30,0.3,0.35,0.4,0.4,1738,1028,1.69,67.22%,0.29432,"10:42 ET"
GOOG,121.2,Put,120,2023-08-18,58,4.55,4.6,4.65,4.6,7087,4182,1.69,28.88%,-0.425193,"11:07 ET"
MSFT,333.6,Put,332.5,2023-06-23,2,2.48,2.5,2.52,2.5,3556,2112,1.68,27.87%,-0.467773,"11:13 ET"
META,280.51,Call,282.5,2023-06-23,2,2.2,2.23,2.25,2.25,5287,3139,1.68,41.27%,0.383171,"11:12 ET"
TSLA,267.97,Call,285,2023-06-30,9,3.9,3.95,4,4,6073,3606,1.68,70.20%,0.24596,"11:13 ET"
META,280.51,Put,277.5,2023-06-23,2,2.45,2.48,2.5,2.45,3490,2090,1.67,42.34%,-0.389896,"11:13 ET"
NIO,9.35,Put,9.5,2023-06-23,2,0.45,0.46,0.46,0.47,5726,3421,1.67,88.09%,-0.70555,"11:12 ET"
TSLA,267.97,Call,265,2023-06-23,2,4.75,4.78,4.8,4.75,19532,11702,1.67,76.84%,0.441137,"11:13 ET"
U,38.24,Call,41.5,2023-06-23,2,0.18,0.19,0.2,0.28,510,307,1.66,108.19%,0.12975,"11:02 ET"
CNC,66.35,Call,67,2023-06-23,2,0.4,0.43,0.45,0.4,781,471,1.66,28.29%,0.40491,"11:09 ET"
NVDA,423.2,Call,495,2023-07-21,30,3.7,3.75,3.8,3.67,1257,756,1.66,46.75%,0.138172,"11:12 ET"
TSLA,267.97,Call,275,2023-06-30,9,6.1,6.15,6.2,6.18,14438,8706,1.66,67.27%,0.350608,"11:12 ET"
NFLX,429.26,Call,440,2023-06-30,9,4.65,4.73,4.8,4.7,3044,1841,1.65,38.20%,0.29976,"11:11 ET"
AMD,112.93,Put,106,2023-06-23,2,0.35,0.36,0.36,0.37,2363,1444,1.64,66.14%,-0.127215,"11:12 ET"
TSLA,267.97,Call,325,2023-07-14,23,3.15,3.18,3.2,3.2,808,497,1.63,72.39%,0.141952,"11:12 ET"
LCID,6.09,Call,6.5,2023-07-14,23,0.29,0.3,0.3,0.33,1043,641,1.63,78.59%,0.392003,"10:57 ET"
DIS,88.5,Call,89,2023-06-23,2,0.61,0.62,0.63,0.63,1404,862,1.63,28.26%,0.453822,"11:12 ET"
FDX,226.63,Put,230,2023-06-23,2,3.5,3.65,3.8,3.75,2865,1756,1.63,41.07%,-0.594396,"11:11 ET"
SE,59.89,Put,45,2023-08-18,58,0.81,0.83,0.84,0.8,4044,2483,1.63,64.02%,-0.101889,"10:41 ET"
TSLA,267.97,Call,290,2023-06-23,2,0.62,0.63,0.63,0.63,22213,13708,1.62,93.51%,0.078855,"11:12 ET"
FDX,226.63,Put,217.5,2023-06-23,2,0.18,0.21,0.23,0.25,2051,1270,1.61,43.17%,-0.06378,"11:08 ET"
MSFT,333.6,Call,342.5,2023-06-23,2,0.39,0.4,0.41,0.41,6093,3792,1.61,30.96%,0.111923,"11:12 ET"
PLTR,14.63,Call,15.5,2023-06-23,2,0.12,0.13,0.13,0.13,7531,4673,1.61,105.89%,0.209749,"11:13 ET"
MARA,12.25,Put,13,2023-06-23,2,1.08,1.09,1.09,1.08,877,548,1.6,205.18%,-0.584194,"11:12 ET"
TSM,102.39,Call,104,2023-06-23,2,0.39,0.4,0.4,0.38,1425,890,1.6,39.58%,0.230944,"11:11 ET"
NFLX,429.26,Put,430,2023-06-23,2,8.2,8.35,8.5,8.31,3160,1970,1.6,44.04%,-0.630131,"11:12 ET"
AAPL,183.34,Put,182.5,2023-06-23,2,0.99,1,1,1,26854,16809,1.6,22.84%,-0.433292,"11:12 ET"
SBLK,18.25,Put,16,2023-11-17,149,1,2.95,4.9,1,500,314,1.59,37.74%,-0.302085,"10:00 ET"
MARA,12.25,Call,12,2023-06-30,9,1.31,1.33,1.35,1.35,10073,6352,1.59,145.12%,0.6093,"11:12 ET"
TSLA,267.97,Put,257.5,2023-06-23,2,3.6,3.65,3.7,3.6,10926,6886,1.59,74.26%,-0.357004,"11:12 ET"
FDX,226.63,Call,227.5,2023-06-23,2,2.57,2.69,2.81,2.68,532,337,1.58,34.08%,0.555973,"11:11 ET"
ETSY,95.12,Put,93,2023-06-23,2,0.94,1.04,1.14,0.99,845,534,1.58,53.96%,-0.372842,"11:08 ET"
ADBE,479.66,Put,435,2023-07-21,30,3.45,3.55,3.65,3.25,1368,865,1.58,33.22%,-0.145767,"11:04 ET"
GOOGL,120.47,Put,122,2023-06-23,2,2.08,2.1,2.12,2.06,3123,1974,1.58,31.11%,-0.715546,"11:12 ET"
COIN,57.74,Put,58,2023-06-23,2,1.6,1.67,1.74,1.69,1000,637,1.57,99.97%,-0.481234,"11:12 ET"
PLUG,9.7,Put,9.5,2023-06-23,2,0.18,0.19,0.19,0.18,4403,2816,1.56,92.24%,-0.377303,"11:11 ET"
TSLA,267.97,Put,265,2023-07-07,16,15.65,15.73,15.8,15.65,2173,1399,1.55,66.05%,-0.49733,"11:12 ET"
AMD,112.93,Call,122,2023-06-23,2,0.14,0.15,0.15,0.15,10567,6811,1.55,73.00%,0.058935,"11:12 ET"
U,38.24,Call,43,2023-06-30,9,0.42,0.44,0.46,0.45,882,574,1.54,82.89%,0.179125,"11:12 ET"
AI,38.26,Put,30,2023-07-14,23,0.85,0.95,1.05,0.96,595,388,1.53,107.07%,-0.158647,"11:12 ET"
TSLA,267.97,Call,275,2023-07-07,16,9.8,9.85,9.9,9.85,4227,2758,1.53,67.62%,0.402058,"11:13 ET"
CHPT,7.91,Call,8,2023-06-30,9,0.32,0.33,0.33,0.34,593,391,1.52,77.91%,0.470937,"11:11 ET"
RIOT,11.49,Call,13.5,2023-07-07,16,0.43,0.45,0.47,0.46,603,396,1.52,111.26%,0.300994,"11:07 ET"
NVDA,423.2,Call,495,2023-06-30,9,0.59,0.6,0.61,0.59,644,423,1.52,56.16%,0.04043,"11:06 ET"
RIOT,11.49,Call,12,2023-08-18,58,1.69,1.72,1.75,1.7,816,536,1.52,99.19%,0.553666,"11:11 ET"
GOOG,121.2,Call,122,2023-06-30,9,1.69,1.73,1.78,1.77,838,552,1.52,27.90%,0.452843,"11:10 ET"
VZ,35.86,Call,39,2024-01-19,212,0.87,0.89,0.9,0.88,2693,1771,1.52,19.33%,0.286368,"10:58 ET"
TSLA,267.97,Put,245,2023-06-30,9,3.7,3.73,3.75,3.7,4543,2995,1.52,64.00%,-0.229798,"11:13 ET"
TSLA,267.97,Put,252.5,2023-06-23,2,2.09,2.09,2.1,2.1,11829,7767,1.52,75.36%,-0.237717,"11:13 ET"
DIS,88.5,Call,90,2023-07-07,16,1.19,1.2,1.21,1.21,582,385,1.51,22.63%,0.410279,"11:00 ET"
SBUX,101.51,Put,102,2023-06-23,2,0.75,0.77,0.78,0.75,1386,919,1.51,21.90%,-0.539358,"11:12 ET"
PYPL,67.31,Put,67,2023-06-23,2,0.53,0.54,0.55,0.56,2350,1569,1.5,41.49%,-0.370872,"11:12 ET"
AFRM,15.25,Put,16,2023-06-23,2,0.93,0.95,0.96,0.94,3650,2431,1.5,105.28%,-0.714463,"11:09 ET"
THO,94.99,Call,100,2023-07-21,30,1.2,1.25,1.3,1.55,517,346,1.49,28.92%,0.271261,"10:43 ET"
BIVI,5.61,Call,7.5,2023-07-21,30,0.3,0.35,0.4,0.3,555,372,1.49,132.92%,0.276502,"11:00 ET"
AMD,112.93,Put,107,2023-06-23,2,0.49,0.5,0.5,0.49,950,639,1.49,64.93%,-0.167382,"11:12 ET"
BABA,87.47,Call,91,2023-06-23,2,0.27,0.28,0.29,0.29,9020,6063,1.49,57.96%,0.152319,"11:12 ET"
MARA,12.25,Call,12,2023-07-14,23,1.63,1.67,1.7,1.78,772,520,1.48,116.07%,0.610376,"11:05 ET"
TSLA,267.97,Put,250,2023-06-23,2,1.54,1.56,1.57,1.56,31882,21509,1.48,75.92%,-0.187839,"11:13 ET"
UBER,42.24,Call,42.5,2023-06-23,2,0.26,0.27,0.28,0.27,591,401,1.47,42.48%,0.32075,"11:12 ET"
AMZN,124.82,Put,119,2023-06-23,2,0.14,0.15,0.15,0.14,3680,2527,1.46,40.24%,-0.082215,"11:12 ET"
BUD,56.56,Call,60,2023-08-18,58,1.05,1.1,1.15,1.15,520,359,1.45,25.58%,0.32246,"10:55 ET"
TSLA,267.97,Put,280,2023-07-07,16,25.4,25.58,25.75,25.4,676,466,1.45,67.62%,-0.648714,"11:11 ET"
CVNA,22.9,Put,23,2023-06-23,2,1.11,1.14,1.17,1.17,2419,1672,1.45,155.32%,-0.512698,"11:09 ET"
EOSE,3.47,Call,3.5,2023-08-18,58,0.8,0.85,0.9,0.87,1407,986,1.43,162.83%,0.623636,"10:42 ET"
CCL,15.62,Put,15,2023-08-18,58,1.06,1.07,1.08,1.03,2166,1517,1.43,56.03%,-0.387272,"11:04 ET"
VLD,1.98,Call,2.5,2023-11-17,149,0.2,0.33,0.45,0.35,530,374,1.42,99.18%,0.495613,"10:34 ET"
JNJ,164.22,Call,167.5,2023-06-30,9,0.3,0.32,0.34,0.35,547,385,1.42,11.21%,0.199262,"11:12 ET"
SNOW,175.95,Call,187.5,2023-06-23,2,0.64,0.65,0.66,0.66,1218,855,1.42,80.74%,0.129429,"11:13 ET"
NVDA,423.2,Call,425,2023-07-07,16,13.75,13.83,13.9,13.8,1416,996,1.42,41.64%,0.497277,"11:12 ET"
TSLA,267.97,Call,275,2023-07-14,23,11.9,11.98,12.05,12,1706,1203,1.42,64.41%,0.42377,"11:12 ET"
FDX,226.63,Call,232.5,2023-06-23,2,0.82,0.9,0.98,0.87,2039,1433,1.42,35.71%,0.246084,"11:11 ET"
CRWD,145.04,Put,142,2023-06-23,2,1.4,1.44,1.47,1.4,501,357,1.4,50.79%,-0.369076,"11:12 ET"
BBD,3.67,Put,3.64,2024-01-19,212,0.25,0.33,0.4,0.3,550,394,1.4,29.55%,-0.430163,"10:55 ET"
AVGO,851.25,Put,830,2023-06-23,2,3.3,3.4,3.5,3.42,618,441,1.4,36.82%,-0.246594,"11:12 ET"
NFLX,429.26,Call,435,2023-06-23,2,2.15,2.19,2.22,2.21,3378,2406,1.4,46.13%,0.25724,"11:12 ET"
ORCL,120.75,Put,121,2023-06-23,2,1.33,1.36,1.39,1.34,769,552,1.39,29.70%,-0.574136,"11:12 ET"
PDD,73.4,Call,85,2023-08-18,58,2.2,2.23,2.25,2.25,1039,749,1.39,50.14%,0.27517,"10:59 ET"
PTON,7.43,Put,7,2024-06-21,366,1.87,1.89,1.9,1.85,1428,1031,1.39,80.06%,-0.309235,"10:14 ET"
NVDA,423.2,Put,425,2023-06-30,9,12.9,12.98,13.05,13,2430,1745,1.39,44.47%,-0.518413,"11:12 ET"
MSTR,324.84,Call,340,2023-06-23,2,4.2,4.55,4.9,4.33,560,406,1.38,91.96%,0.31214,"11:10 ET"
LEVI,14.66,Call,15,2023-08-18,58,0.7,0.77,0.85,0.75,685,496,1.38,35.42%,0.493107,"10:57 ET"
GOOG,121.2,Put,122,2023-06-23,2,1.54,1.59,1.64,1.52,2818,2043,1.38,30.65%,-0.620319,"11:12 ET"
MSFT,333.6,Call,337.5,2023-06-23,2,1.16,1.17,1.19,1.21,3605,2611,1.38,29.14%,0.270301,"11:12 ET"
GOOGL,120.47,Put,120,2023-06-23,2,0.92,0.95,0.97,0.92,6818,4949,1.38,31.11%,-0.439773,"11:12 ET"
EQT,39.72,Call,46,2023-09-15,86,0.98,1.01,1.03,1.08,9752,7083,1.38,38.44%,0.249713,"10:37 ET"
MSTR,324.84,Call,330,2023-06-23,2,7.25,7.9,8.55,7.4,551,401,1.37,85.66%,0.476161,"11:12 ET"
HUT,2.73,Call,3,2023-06-30,9,0.11,0.14,0.16,0.14,2402,1753,1.37,133.51%,0.386596,"11:12 ET"
EQT,39.72,Put,37,2023-09-15,86,1.83,1.86,1.89,1.86,9757,7101,1.37,41.65%,-0.320942,"11:11 ET"
NVDA,423.2,Put,430,2023-06-23,2,11.15,11.25,11.35,11.2,14142,10356,1.37,52.90%,-0.671195,"11:12 ET"
ADBE,479.66,Call,485,2023-06-23,2,3.35,3.45,3.55,3.5,980,719,1.36,47.32%,0.326116,"11:11 ET"
SHOP,62.38,Call,64,2023-06-30,9,1.18,1.19,1.2,1.24,655,486,1.35,50.47%,0.367981,"11:11 ET"
AFRM,15.25,Call,16,2023-06-23,2,0.2,0.21,0.21,0.2,1333,986,1.35,104.26%,0.283834,"11:12 ET"
NVDA,423.2,Call,435,2023-07-07,16,9.85,9.93,10,9.91,1424,1058,1.35,42.23%,0.394138,"11:13 ET"
HIVE,3.79,Call,4,2023-07-21,30,0.3,0.32,0.35,0.31,1761,1308,1.35,90.06%,0.47475,"11:10 ET"
PLUG,9.7,Put,10,2024-06-21,366,2.82,2.87,2.91,2.84,3000,2222,1.35,76.79%,-0.353286,"10:40 ET"
TSLA,267.97,Put,250,2023-06-30,9,5.1,5.15,5.2,5.14,6332,4704,1.35,63.74%,-0.294606,"11:13 ET"
CAT,243.64,Call,245,2023-06-23,2,1.97,2.02,2.07,2.01,1089,810,1.34,30.16%,0.479018,"11:12 ET"
XOM,103.88,Call,106,2023-07-07,16,1.27,1.29,1.3,1.26,515,386,1.33,24.15%,0.366259,"11:04 ET"
JNJ,164.22,Put,162.5,2023-06-30,9,0.35,0.37,0.38,0.39,876,660,1.33,12.01%,-0.206754,"11:08 ET"
NFLX,429.26,Put,422.5,2023-06-23,2,4.1,4.18,4.25,4.2,749,567,1.32,43.39%,-0.416277,"11:12 ET"
OXY,57.58,Call,58,2023-06-30,9,0.76,0.79,0.81,0.78,664,506,1.31,25.58%,0.455129,"11:12 ET"
FDX,226.63,Put,227.5,2023-06-23,2,2.12,2.27,2.41,2.44,942,721,1.31,38.88%,-0.449802,"11:12 ET"
RIOT,11.49,Put,11,2023-06-23,2,0.19,0.2,0.2,0.22,1419,1084,1.31,130.21%,-0.270673,"11:12 ET"
PBR,14.8,Put,14,2023-07-21,30,0.31,0.32,0.33,0.3,4942,3764,1.31,35.88%,-0.309558,"10:49 ET"
TECK,41.23,Call,46,2023-09-15,86,1.39,1.44,1.5,1.57,589,452,1.3,38.91%,0.317115,"10:57 ET"
TWLO,64.88,Call,66,2023-06-23,2,0.59,0.62,0.65,0.63,502,390,1.29,64.69%,0.321558,"11:08 ET"
NFLX,429.26,Call,427.5,2023-06-23,2,4.4,4.48,4.55,4.61,544,421,1.29,44.17%,0.44029,"11:12 ET"
PLTR,14.63,Call,14.5,2023-06-23,2,0.41,0.42,0.42,0.42,2270,1757,1.29,97.53%,0.516318,"11:12 ET"
NVDA,423.2,Call,445,2023-06-23,2,1,1.02,1.03,1,9557,7418,1.29,57.92%,0.115292,"11:13 ET"
MARA,12.25,Call,12,2023-06-23,2,0.85,0.87,0.88,0.86,15276,11859,1.29,170.03%,0.637322,"11:12 ET"
TSLA,267.97,Call,300,2023-06-30,9,2.07,2.08,2.08,2.07,27519,21304,1.29,74.34%,0.139609,"11:13 ET"
NFLX,429.26,Put,430,2023-06-30,9,12.25,12.43,12.6,12.15,699,547,1.28,37.46%,-0.560396,"11:10 ET"
RIVN,14.81,Call,17,2023-07-21,30,0.65,0.66,0.66,0.64,1577,1235,1.28,87.75%,0.315107,"11:12 ET"
SGML,39.13,Call,45,2023-07-21,30,0.15,0.48,0.8,0.5,2219,1735,1.28,48.28%,0.180955,"11:07 ET"
EQT,39.72,Put,33,2023-09-15,86,0.79,0.82,0.84,0.77,9750,7595,1.28,44.49%,-0.163242,"10:37 ET"
TSLA,267.97,Call,280,2023-07-14,23,10.35,10.43,10.5,10.5,1688,1325,1.27,65.21%,0.382843,"11:12 ET"
MSFT,333.6,Call,340,2023-06-23,2,0.67,0.69,0.7,0.71,8247,6509,1.27,29.75%,0.175189,"11:12 ET"
TLRY,1.535,Call,1.5,2023-06-30,9,0.1,0.11,0.12,0.1,1012,806,1.26,91.34%,0.575976,"11:06 ET"
ENPH,170.38,Call,175,2023-06-23,2,1.39,1.43,1.47,1.44,1218,967,1.26,63.08%,0.294188,"11:12 ET"
TSLA,267.97,Put,230,2023-07-14,23,4.5,4.55,4.6,4.65,1800,1429,1.26,64.65%,-0.181949,"11:11 ET"
ADBE,479.66,Call,500,2023-06-23,2,0.91,0.95,0.99,0.98,3910,3094,1.26,51.45%,0.112872,"11:12 ET"
PLTR,14.63,Call,16.5,2023-06-30,9,0.18,0.19,0.19,0.19,7191,5718,1.26,85.69%,0.188534,"11:10 ET"
NVDA,423.2,Put,415,2023-06-23,2,3.4,3.45,3.5,3.45,9543,7581,1.26,52.24%,-0.318983,"11:12 ET"
AMD,112.93,Call,120,2023-06-23,2,0.24,0.25,0.25,0.25,22538,17954,1.26,69.93%,0.094177,"11:12 ET"
AMZN,124.82,Put,123,2023-06-30,9,1.82,1.83,1.84,1.82,1752,1407,1.25,30.02%,-0.417907,"11:12 ET"
GOOG,121.2,Call,124,2023-06-23,2,0.29,0.3,0.3,0.32,2557,2041,1.25,34.06%,0.180121,"11:11 ET"
"Downloaded from Barchart.com as of 06-21-2023 10:35am CDT"
