Symbol,Price,Type,Strike,Exp Date,DTE,Bid,Midpoint,Ask,Last,Volume,Open Int,Vol/OI,IV,Delta,Time
$SPX,4273.79,Put,4295,6/5/2023,0,18.6,21.7,24.8,20.34,14766,124,119.08,13.05%,-0.763855,15:59 ET
$SPX,4273.79,Put,4280,6/5/2023,0,4.5,5.45,6.4,6,65599,721,90.98,2.72%,-0.867747,15:59 ET
$SPX,4273.79,Put,4275,6/5/2023,0,0.4,0.7,1,0.91,81797,1115,73.36,0.00%,0,15:59 ET
$SPX,4273.79,Put,4260,6/6/2023,1,4.2,4.35,4.5,4.7,7400,186,39.78,11.12%,-0.281363,16:14 ET
$SPX,4273.79,Put,4285,6/5/2023,0,9.3,10.5,11.7,11,41959,1079,38.89,4.81%,-0.858122,15:59 ET
$SPX,4273.79,Put,4290,6/5/2023,0,13,15.5,18,16,33648,976,34.48,8.64%,-0.798202,15:59 ET
$SPX,4273.79,Put,4290,6/6/2023,1,17.9,18.2,18.5,19.02,3662,112,32.7,8.90%,-0.789087,16:13 ET
$SPX,4273.79,Put,4300,6/5/2023,0,23.6,25.8,28,26.1,14268,466,30.62,11.71%,-0.841882,15:59 ET
$SPX,4273.79,Put,4270,6/6/2023,1,7.4,7.55,7.7,7.84,6359,209,30.43,10.71%,-0.42807,16:14 ET
$SPX,4273.79,Call,4345,6/6/2023,1,0.05,0.1,0.15,0.1,8374,293,28.58,13.40%,0.009868,16:13 ET
$SPX,4273.79,Put,4285,6/6/2023,1,14.7,14.95,15.2,15.45,5258,222,23.68,9.55%,-0.693929,16:14 ET
$SPX,4273.79,Put,3700,6/14/2023,9,0.25,0.35,0.45,0.36,7530,345,21.83,35.99%,-0.004663,15:53 ET
$SPX,4273.79,Put,4280,6/6/2023,1,11.9,12.1,12.3,12.55,5727,270,21.21,10.03%,-0.601024,16:14 ET
$SPX,4273.79,Put,4255,6/6/2023,1,3.1,3.25,3.4,3.5,3779,180,20.99,11.35%,-0.222046,16:14 ET
$SPX,4273.79,Put,4245,6/6/2023,1,1.55,1.65,1.75,1.7,4097,238,17.21,11.69%,-0.12959,16:14 ET
$SPX,4273.79,Call,4285,6/6/2023,1,6.1,6.25,6.4,6.12,7114,429,16.58,11.85%,0.345803,16:14 ET
$SPX,4273.79,Put,4235,6/6/2023,1,0.8,0.88,0.95,0.85,3838,245,15.67,12.05%,-0.070943,16:14 ET
$SPX,4273.79,Put,4275,6/6/2023,1,9.4,9.6,9.8,10.02,7141,458,15.59,10.36%,-0.512065,16:14 ET
$SPX,4273.79,Put,4300,6/6/2023,1,25.4,25.9,26.4,27.32,1798,119,15.11,7.68%,-0.948469,16:10 ET
$SPX,4273.79,Put,4145,6/6/2023,1,0.05,0.13,0.2,0.15,1466,100,14.66,24.52%,-0.008199,16:09 ET
$XSP,427.38,Put,428,6/5/2023,0,0.23,0.42,0.6,0.58,3475,254,13.68,0.00%,0,15:59 ET
$SPX,4273.79,Put,4310,6/5/2023,0,33,36.6,40.2,35.03,1591,118,13.48,18.58%,-0.806607,15:57 ET
$SPX,4273.79,Put,4275,6/7/2023,2,13.5,13.7,13.9,14.6,2020,156,12.95,10.78%,-0.502149,16:10 ET
$SPX,4273.79,Put,4200,6/26/2023,21,20.2,20.55,20.9,21,4032,327,12.33,12.93%,-0.256196,16:08 ET
$SPX,4273.79,Call,4315,6/12/2023,7,9.6,9.9,10.2,9.7,1697,147,11.54,10.02%,0.269451,16:12 ET
$SPX,4273.79,Put,4230,6/6/2023,1,0.55,0.63,0.7,0.62,4115,365,11.27,12.35%,-0.053054,16:14 ET
$VIX,14.73,Call,14,10/18/2023,135,0,0,0,7.23,1956,177,11.05,0.00%,0,16:05 ET
$SPX,4273.79,Put,4255,6/7/2023,2,6.4,6.6,6.8,7,1128,105,10.74,11.44%,-0.290191,16:11 ET
$SPX,4273.79,Call,4525,7/31/2023,56,9.9,10.2,10.5,12.6,1036,100,10.36,10.48%,0.120202,13:59 ET
$SPX,4273.79,Put,4265,6/7/2023,2,9.5,9.7,9.9,10,1713,169,10.14,11.17%,-0.389462,16:12 ET
$SPX,4273.79,Put,4285,6/7/2023,2,18.5,18.75,19,19.2,1529,156,9.8,10.29%,-0.624769,16:14 ET
$SPX,4273.79,Call,4295,6/6/2023,1,3.1,3.2,3.3,3.07,5211,546,9.54,11.65%,0.215885,16:14 ET
$VIX,14.73,Call,14,9/20/2023,107,6.5,6.65,6.8,6.62,1970,207,9.52,210.02%,0.73481,16:05 ET
$SPX,4273.79,Put,4240,6/6/2023,1,1.1,1.18,1.25,1.25,4616,486,9.5,11.98%,-0.098602,16:14 ET
$SPX,4273.79,Put,4205,6/6/2023,1,0.2,0.28,0.35,0.27,2164,232,9.33,15.41%,-0.021115,16:14 ET
$SPX,4273.79,Put,4140,6/12/2023,7,1.25,1.38,1.5,1.37,4488,510,8.8,13.69%,-0.041403,16:13 ET
$SPX,4273.79,Put,4265,6/6/2023,1,5.7,5.85,6,6.16,6101,701,8.7,11.01%,-0.351794,16:14 ET
$SPX,4273.79,Put,4270,6/7/2023,2,11.4,11.55,11.7,12,1415,164,8.63,10.97%,-0.44424,16:14 ET
$SPX,4273.79,Put,4290,6/7/2023,2,21.6,21.8,22,23,1259,147,8.56,10.08%,-0.686239,16:01 ET
$SPX,4273.79,Put,4300,6/8/2023,3,29.9,30.45,31,31.45,872,102,8.55,9.56%,-0.755332,16:04 ET
$SPX,4273.79,Put,4250,6/6/2023,1,2.3,2.35,2.4,2.45,7209,845,8.53,11.49%,-0.170582,16:14 ET
$SPX,4273.79,Put,4160,6/8/2023,3,0.5,0.6,0.7,0.7,5928,714,8.3,16.00%,-0.029116,15:33 ET
$SPX,4273.79,Call,4290,6/6/2023,1,4.4,4.55,4.7,4.46,7899,960,8.23,11.71%,0.276892,16:14 ET
$SPX,4273.79,Call,4305,6/6/2023,1,1.45,1.53,1.6,1.5,6760,886,7.63,11.52%,0.118848,16:15 ET
$SPX,4273.79,Put,4180,6/8/2023,3,0.8,0.88,0.95,0.9,5507,728,7.56,14.29%,-0.040083,16:07 ET
$SPX,4273.79,Call,4315,6/6/2023,1,0.65,0.7,0.75,0.67,4837,645,7.5,11.60%,0.06006,16:14 ET
$SPX,4273.79,Call,4450,6/12/2023,7,0.1,0.18,0.25,0.17,1089,147,7.41,11.67%,0.007513,16:00 ET
$SPX,4273.79,Put,4280,6/7/2023,2,15.9,16.1,16.3,16.7,1555,214,7.27,10.56%,-0.562392,16:14 ET
$SPX,4273.79,Call,4340,6/6/2023,1,0.1,0.15,0.2,0.12,2817,391,7.2,12.88%,0.012055,16:14 ET
$SPX,4273.79,Put,4225,6/12/2023,7,7.1,7.35,7.6,7.56,1703,239,7.13,10.97%,-0.206165,16:14 ET
$SPX,4273.79,Put,3800,6/12/2023,7,0.15,0.22,0.3,0.2,2938,423,6.95,31.87%,-0.003423,15:56 ET
$SPX,4273.79,Call,4270,6/5/2023,0,3.4,4.35,5.3,4,14804,2197,6.74,2.86%,0.754835,15:59 ET
$SPX,4273.79,Put,4230,6/7/2023,2,2.2,2.3,2.4,2.47,3139,476,6.59,12.21%,-0.120546,16:06 ET
$SPX,4273.79,Put,4245,6/7/2023,2,4.2,4.35,4.5,4.67,2005,306,6.55,11.69%,-0.20787,16:13 ET
$SPX,4273.79,Put,4140,6/7/2023,2,0.2,0.25,0.3,0.25,3036,471,6.45,19.21%,-0.011854,16:11 ET
$SPX,4273.79,Put,4250,6/7/2023,2,5.2,5.4,5.6,5.6,4675,755,6.19,11.79%,-0.250785,16:14 ET
$SPX,4273.79,Call,4310,6/6/2023,1,0.95,1.03,1.1,1,5061,844,6,11.52%,0.084851,16:14 ET
$SPX,4273.79,Put,4090,6/6/2023,1,0.05,0.1,0.15,0.1,803,135,5.95,32.26%,-0.004408,16:12 ET
$SPX,4273.79,Put,4220,6/6/2023,1,0.35,0.4,0.45,0.36,2887,493,5.86,13.15%,-0.031319,16:14 ET
$SPX,4273.79,Put,3750,9/15/2023,102,26.2,26.55,26.9,27.2,1130,193,5.85,22.74%,-0.10372,15:20 ET
$SPX,4273.79,Put,3980,6/30/2023,25,6.5,6.7,6.9,7.2,2019,351,5.75,19.46%,-0.06858,15:16 ET
$SPX,4273.79,Put,3200,6/14/2023,9,0,0.1,0.2,0.1,1213,217,5.59,60.04%,-0.000881,12:28 ET
$SPX,4273.79,Call,4280,6/6/2023,1,8.2,8.4,8.6,8.1,4519,820,5.51,12.29%,0.420441,16:13 ET
$SPX,4273.79,Put,4215,6/6/2023,1,0.3,0.35,0.4,0.34,3080,564,5.46,14.02%,-0.028155,16:14 ET
$SPX,4273.79,Put,4060,6/12/2023,7,0.5,0.6,0.7,0.55,1015,187,5.43,17.45%,-0.014902,15:56 ET
$SPX,4273.79,Put,3920,7/31/2023,56,16.9,17.2,17.5,17.55,713,132,5.4,19.74%,-0.105712,15:29 ET
$SPX,4273.79,Put,4070,9/15/2023,102,57.8,58.3,58.8,59.29,841,157,5.36,17.64%,-0.241666,15:23 ET
$SPX,4273.79,Call,4350,6/12/2023,7,3.3,3.5,3.7,3.41,4824,930,5.19,10.09%,0.11732,16:09 ET
$SPX,4273.79,Call,4300,6/6/2023,1,2.1,2.2,2.3,2.17,14597,2845,5.13,11.48%,0.160777,16:14 ET
$SPX,4273.79,Put,4215,6/7/2023,2,1.15,1.25,1.35,1.31,1438,284,5.06,13.04%,-0.071297,16:08 ET
$SPX,4273.79,Put,4300,6/15/2023,10,43.7,44.15,44.6,44.2,617,122,5.06,11.44%,-0.608172,15:52 ET
$SPX,4273.79,Call,4315,6/7/2023,2,2.45,2.55,2.65,2.46,1195,240,4.98,11.39%,0.135476,16:12 ET
$SPX,4273.79,Put,4190,6/6/2023,1,0.15,0.2,0.25,0.2,2321,468,4.96,17.46%,-0.014449,16:13 ET
$XSP,427.38,Call,431,6/6/2023,1,0.08,0.1,0.12,0.1,660,134,4.93,11.52%,0.084866,16:12 ET
$SPX,4273.79,Put,3500,10/31/2023,148,26.2,26.7,27.2,27.71,1000,205,4.88,25.92%,-0.078795,10:20 ET
$SPX,4273.79,Put,3700,6/12/2023,7,0.1,0.18,0.25,0.2,6928,1428,4.85,38.31%,-0.002884,16:13 ET
$SPX,4273.79,Put,4195,6/7/2023,2,0.55,0.63,0.7,0.6,909,189,4.81,14.02%,-0.034162,16:12 ET
$SPX,4273.79,Call,4340,6/12/2023,7,4.5,4.75,5,4.67,1814,380,4.77,10.05%,0.152022,16:14 ET
$SPX,4273.79,Call,4335,6/8/2023,3,1.85,1.98,2.1,1.88,699,147,4.76,11.40%,0.091781,16:09 ET
$SPX,4273.79,Call,4320,6/6/2023,1,0.45,0.48,0.5,0.5,7250,1539,4.71,11.97%,0.045443,16:14 ET
$SPX,4273.79,Call,4275,6/6/2023,1,10.7,10.9,11.1,10.65,4468,961,4.65,12.55%,0.49259,16:14 ET
$SPX,4273.79,Call,4265,6/5/2023,0,8.7,9.75,10.8,9.85,4518,985,4.59,3.60%,0.879699,15:59 ET
$SPX,4273.79,Put,4120,7/14/2023,39,24.5,24.9,25.3,24.25,728,161,4.52,15.61%,-0.201254,14:23 ET
$SPX,4273.79,Call,4315,6/8/2023,3,4.6,4.8,5,4.83,873,193,4.52,11.66%,0.194066,15:59 ET
$SPX,4273.79,Put,4240,6/7/2023,2,3.4,3.55,3.7,3.7,2451,543,4.51,12.07%,-0.178528,16:13 ET
$SPX,4273.79,Call,4320,6/26/2023,21,29,29.45,29.9,28.01,605,134,4.51,10.77%,0.385909,15:34 ET
$SPX,4273.79,Put,4235,6/7/2023,2,2.75,2.85,2.95,2.98,680,155,4.39,12.03%,-0.145285,16:14 ET
$SPX,4273.79,Put,4145,6/12/2023,7,1.35,1.48,1.6,1.45,606,142,4.27,13.43%,-0.044241,16:14 ET
$SPX,4273.79,Put,4325,8/18/2023,74,102.4,104.1,105.8,104.83,1827,429,4.26,12.53%,-0.541098,15:58 ET
$SPX,4273.79,Put,4175,7/7/2023,32,26.8,27.25,27.7,27.9,523,123,4.25,14.17%,-0.251629,15:30 ET
$SPX,4273.79,Call,4400,6/12/2023,7,0.55,0.65,0.75,0.6,1470,349,4.21,10.40%,0.025807,16:14 ET
$SPX,4273.79,Put,4265,6/23/2023,18,35.4,35.85,36.3,36.73,812,197,4.12,11.70%,-0.436221,16:07 ET
$SPX,4273.79,Put,4165,6/6/2023,1,0.1,0.15,0.2,0.15,1050,255,4.12,21.12%,-0.009393,16:14 ET
$SPX,4273.79,Call,4290,6/7/2023,2,8.5,8.65,8.8,8.35,2345,570,4.11,11.84%,0.346187,16:10 ET
$SPX,4273.79,Put,3900,6/12/2023,7,0.2,0.28,0.35,0.35,1761,436,4.04,27.15%,-0.006624,16:01 ET
$SPX,4273.79,Put,3750,6/8/2023,3,0.05,0.13,0.2,0.1,1025,255,4.02,49.95%,-0.001763,16:08 ET
$SPX,4273.79,Put,4300,6/7/2023,2,28.2,28.65,29.1,29.5,1019,255,4,9.43%,-0.808589,15:57 ET
$SPX,4273.79,Put,3850,6/12/2023,7,0.15,0.25,0.35,0.25,1112,281,3.96,29.37%,-0.004532,16:12 ET
$SPX,4273.79,Put,4295,6/16/2023,11,40.8,41.8,42.8,46.25,7198,1831,3.93,11.21%,-0.579564,15:11 ET
$SPX,4273.79,Call,4335,6/6/2023,1,0.15,0.2,0.25,0.2,2548,659,3.87,12.94%,0.018972,16:14 ET
$SPX,4273.79,Call,4400,6/14/2023,9,2.5,2.65,2.8,2.66,1030,267,3.86,12.15%,0.073582,16:14 ET
$SPX,4273.79,Call,4270,6/6/2023,1,13.6,13.85,14.1,13.46,3302,861,3.84,12.92%,0.561668,16:14 ET
$SPX,4273.79,Put,4130,7/7/2023,32,20.5,20.85,21.2,20.87,686,190,3.61,15.27%,-0.192783,15:44 ET
$SPX,4273.79,Put,4180,6/12/2023,7,2.65,2.78,2.9,2.8,1295,368,3.52,12.18%,-0.084368,16:14 ET
$SPX,4273.79,Call,4285,6/7/2023,2,10.5,10.65,10.8,10.21,1511,430,3.51,11.98%,0.397582,16:11 ET
$SPX,4273.79,Call,4400,7/14/2023,39,22.5,22.95,23.4,22.72,1082,313,3.46,10.71%,0.25686,16:13 ET
$SPX,4273.79,Call,4375,6/12/2023,7,1.35,1.48,1.6,1.45,1173,339,3.46,10.18%,0.056677,16:00 ET
$SPX,4273.79,Put,4085,6/9/2023,4,0.35,0.45,0.55,0.45,1428,416,3.43,20.00%,-0.014169,15:52 ET
$SPX,4273.79,Call,4360,6/12/2023,7,2.35,2.5,2.65,2.48,2268,667,3.4,10.16%,0.089554,16:14 ET
$SPX,4273.79,Put,4230,6/12/2023,7,7.9,8.2,8.5,8.5,731,215,3.4,10.87%,-0.227428,16:12 ET
$SPX,4273.79,Put,3860,6/7/2023,2,0.05,0.1,0.15,0.1,760,225,3.38,48.68%,-0.002183,14:10 ET
$SPX,4273.79,Put,3725,6/6/2023,1,0,0.03,0.05,0.1,4511,1334,3.38,90.38%,-0.001692,16:05 ET
$SPX,4273.79,Put,4170,6/6/2023,1,0.1,0.15,0.2,0.17,611,182,3.36,20.59%,-0.010762,16:10 ET
$SPX,4273.79,Call,4285,6/8/2023,3,14.3,14.5,14.7,14.75,993,303,3.28,12.17%,0.423098,15:58 ET
$SPX,4273.79,Put,4165,6/12/2023,7,1.95,2.08,2.2,2.05,673,207,3.25,12.65%,-0.062747,16:14 ET
$SPX,4273.79,Call,4575,7/31/2023,56,5.6,5.85,6.1,7.4,1001,309,3.24,10.51%,0.075354,13:59 ET
$SPX,4273.79,Call,4490,8/18/2023,74,25,25.45,25.9,26.4,594,186,3.19,10.76%,0.219497,15:24 ET
$SPX,4273.79,Call,4330,6/6/2023,1,0.2,0.25,0.3,0.27,4551,1437,3.17,12.61%,0.025324,16:14 ET
$SPX,4273.79,Put,4220,6/7/2023,2,1.4,1.5,1.6,1.55,1289,408,3.16,12.71%,-0.084009,16:11 ET
$SPX,4273.79,Put,3695,7/21/2023,46,5.9,6.1,6.3,6.2,500,159,3.14,24.94%,-0.039436,15:02 ET
$SPX,4273.79,Call,4305,6/7/2023,2,4.2,4.35,4.5,4.25,1720,551,3.12,11.53%,0.207387,16:12 ET
$SPX,4273.79,Call,4360,6/7/2023,2,0.2,0.25,0.3,0.25,1275,414,3.08,12.58%,0.017439,15:59 ET
$SPX,4273.79,Put,3750,6/7/2023,2,0.05,0.1,0.15,0.1,4818,1570,3.07,61.12%,-0.001765,16:04 ET
$SPX,4273.79,Put,4175,6/12/2023,7,2.4,2.53,2.65,2.5,1469,479,3.07,12.31%,-0.07601,16:14 ET
$SPX,4273.79,Put,4210,6/6/2023,1,0.25,0.3,0.35,0.26,2708,900,3.01,14.38%,-0.021726,16:14 ET
$SPX,4273.79,Put,4165,7/21/2023,46,35.8,36.2,36.6,35.34,816,272,3,14.60%,-0.265246,14:24 ET
$SPX,4273.79,Put,4195,6/6/2023,1,0.15,0.22,0.3,0.24,1215,411,2.96,17.00%,-0.017422,16:14 ET
$SPX,4273.79,Put,4255,6/9/2023,4,11.4,11.6,11.8,11.8,884,307,2.88,11.56%,-0.341594,16:01 ET
$SPX,4273.79,Put,4300,6/9/2023,4,32.3,32.65,33,32.43,1757,619,2.84,9.85%,-0.715176,15:52 ET
$SPX,4273.79,Put,4200,6/6/2023,1,0.2,0.25,0.3,0.22,5127,1803,2.84,15.87%,-0.017146,16:14 ET
$SPX,4273.79,Call,4320,6/7/2023,2,1.85,1.95,2.05,1.85,2041,725,2.82,11.37%,0.107395,16:11 ET
$SPX,4273.79,Call,4325,6/8/2023,3,3,3.15,3.3,3.1,1564,563,2.78,11.55%,0.137236,16:12 ET
$SPX,4273.79,Put,4185,6/6/2023,1,0.15,0.2,0.25,0.2,1427,515,2.77,18.36%,-0.013811,16:08 ET
$SPX,4273.79,Put,4125,6/6/2023,1,0.05,0.1,0.15,0.15,2456,887,2.77,27.90%,-0.00729,16:02 ET
$SPX,4273.79,Put,4260,6/9/2023,4,12.9,13.15,13.4,13.49,2574,932,2.76,11.28%,-0.375332,16:14 ET
$SPX,4273.79,Put,4285,6/16/2023,11,37.5,37.8,38.1,38.55,599,218,2.75,11.76%,-0.527631,15:57 ET
$SPX,4273.79,Put,4185,6/12/2023,7,2.95,3.08,3.2,3.1,817,300,2.72,12.02%,-0.09293,16:14 ET
$SPX,4273.79,Call,4325,6/6/2023,1,0.25,0.33,0.4,0.4,5602,2070,2.71,12.48%,0.03609,16:14 ET
$SPX,4273.79,Put,4175,7/3/2023,28,22.5,22.9,23.3,24.3,914,338,2.7,13.80%,-0.236886,15:13 ET
$SPX,4273.79,Call,4675,8/18/2023,74,4,4.25,4.5,4.3,1537,573,2.68,10.59%,0.051181,15:55 ET
$SPX,4273.79,Put,4350,10/20/2023,137,149.4,150.25,151.1,151.8,702,266,2.64,13.83%,-0.526874,15:35 ET
$SPX,4273.79,Call,4325,6/7/2023,2,1.35,1.45,1.55,1.45,2300,875,2.63,11.51%,0.086769,16:12 ET
$VIX,14.73,Call,14,8/16/2023,72,5.4,5.55,5.7,5.61,788,301,2.62,211.37%,0.703541,16:09 ET
$SPX,4273.79,Call,4325,6/12/2023,7,7.2,7.45,7.7,7.3,2027,782,2.59,10.01%,0.217077,16:13 ET
$XSP,427.38,Put,424,6/16/2023,11,2.08,2.12,2.15,1.98,550,215,2.56,12.78%,-0.335559,14:06 ET
$SPX,4273.79,Put,3750,6/12/2023,7,0.1,0.2,0.3,0.2,755,296,2.55,35.08%,-0.003131,16:12 ET
$SPX,4273.79,Call,4295,6/8/2023,3,10.2,10.4,10.6,10.5,583,231,2.52,12.02%,0.340695,16:01 ET
$SPX,4273.79,Put,4260,6/7/2023,2,7.9,8.05,8.2,8.5,3557,1419,2.51,11.32%,-0.337997,16:14 ET
$SPX,4273.79,Put,4085,6/6/2023,1,0.05,0.1,0.15,0.1,750,301,2.49,33.06%,-0.00431,16:11 ET
$SPX,4273.79,Put,3800,6/7/2023,2,0.05,0.08,0.1,0.1,5297,2169,2.44,55.45%,-0.001933,16:09 ET
$SPX,4273.79,Put,3825,6/7/2023,2,0.05,0.1,0.15,0.1,598,250,2.39,52.62%,-0.00203,16:09 ET
$SPX,4273.79,Put,4250,6/9/2023,4,10,10.15,10.3,10.49,6055,2558,2.37,11.55%,-0.306286,16:14 ET
$SPX,4273.79,Put,4220,6/8/2023,3,2.7,2.83,2.95,3,598,255,2.35,12.30%,-0.119983,16:11 ET
$SPX,4273.79,Put,4225,6/23/2023,18,23.6,23.95,24.3,24.48,1367,586,2.33,12.62%,-0.309982,16:11 ET
$SPX,4273.79,Put,4280,6/12/2023,7,23.8,24.15,24.5,24.8,555,238,2.33,9.63%,-0.521399,16:11 ET
$SPX,4273.79,Put,4250,6/14/2023,9,20.9,21.2,21.5,22.03,835,362,2.31,12.56%,-0.36568,15:58 ET
$SPX,4273.79,Put,4200,6/12/2023,7,4.1,4.25,4.4,4.34,5140,2229,2.31,11.62%,-0.126182,16:14 ET
$SPX,4273.79,Put,3890,6/7/2023,2,0.05,0.1,0.15,0.15,573,252,2.27,47.16%,-0.003268,15:15 ET
$SPX,4273.79,Put,4230,6/23/2023,18,24.8,25.2,25.6,25.72,677,301,2.25,12.50%,-0.323812,16:11 ET
$SPX,4273.79,Call,4850,6/30/2023,25,0,0.08,0.15,0.1,810,361,2.24,16.13%,0.001923,10:22 ET
$XSP,427.38,Call,427,6/5/2023,0,0.29,0.52,0.75,0.5,682,306,2.23,2.40%,0.795003,15:59 ET
$SPX,4273.79,Put,4100,6/12/2023,7,0.75,0.83,0.9,0.85,1582,714,2.22,15.61%,-0.024261,16:01 ET
$SPX,4273.79,Call,4350,6/8/2023,3,0.85,0.95,1.05,0.96,587,265,2.22,11.61%,0.051079,16:12 ET
$SPX,4273.79,Call,4295,6/7/2023,2,6.8,6.95,7.1,6.7,1336,607,2.2,11.75%,0.297051,16:11 ET
$SPX,4273.79,Call,4290,6/12/2023,7,18.5,18.8,19.1,18.5,900,415,2.17,10.17%,0.423649,16:12 ET
$SPX,4273.79,Put,4110,6/12/2023,7,0.8,0.93,1.05,0.9,763,356,2.14,15.00%,-0.026449,16:14 ET
$SPX,4273.79,Call,4310,6/7/2023,2,3.2,3.35,3.5,3.25,2793,1309,2.13,11.45%,0.168862,16:10 ET
$SPX,4273.79,Call,4260,6/6/2023,1,20.3,20.7,21.1,20.3,1664,797,2.09,13.17%,0.688857,16:14 ET
$SPX,4273.79,Call,4380,7/7/2023,32,21.5,21.9,22.3,21.36,783,377,2.08,10.67%,0.269444,15:36 ET
$SPX,4273.79,Put,4070,8/18/2023,74,41,41.8,42.6,42.3,626,304,2.06,17.27%,-0.217335,15:55 ET
$VIX,14.73,Call,15,6/21/2023,16,1.75,1.79,1.83,1.82,16061,7856,2.04,156.81%,0.54602,16:10 ET
$SPX,4273.79,Call,4295,6/16/2023,11,28.3,29,29.7,28.97,7154,3520,2.03,12.08%,0.439402,15:38 ET
$SPX,4273.79,Call,4330,6/12/2023,7,6.2,6.45,6.7,6.39,1257,620,2.03,10.07%,0.194791,16:12 ET
$SPX,4273.79,Call,4330,6/7/2023,2,1,1.08,1.15,1.02,1842,913,2.02,11.38%,0.065061,16:08 ET
$SPX,4273.79,Call,4330,6/8/2023,3,2.35,2.48,2.6,2.42,1494,739,2.02,11.46%,0.112728,16:12 ET
$SPX,4273.79,Put,4285,6/9/2023,4,23.4,23.75,24.1,24.71,1094,550,1.99,10.51%,-0.579521,16:04 ET
$SPX,4273.79,Put,3650,6/12/2023,7,0.1,0.18,0.25,0.15,502,253,1.98,40.42%,-0.002103,15:47 ET
$SPX,4273.79,Put,4180,6/6/2023,1,0.15,0.2,0.25,0.2,730,373,1.96,19.26%,-0.013232,16:13 ET
$SPX,4273.79,Put,4195,6/12/2023,7,3.7,3.85,4,3.9,510,260,1.96,11.77%,-0.11438,15:58 ET
$SPX,4273.79,Call,4725,8/18/2023,74,2.35,2.55,2.75,2.65,888,466,1.91,10.71%,0.033258,15:55 ET
$SPX,4273.79,Put,4030,7/7/2023,32,11.9,12.1,12.3,11.27,602,315,1.91,17.69%,-0.109929,12:39 ET
$SPX,4273.79,Put,4270,6/9/2023,4,16.6,16.85,17.1,17.2,1120,590,1.9,11.01%,-0.452357,16:14 ET
$SPX,4273.79,Put,4300,11/17/2023,165,147.4,148.35,149.3,149.76,502,266,1.89,15.31%,-0.453902,15:24 ET
$SPX,4273.79,Call,4220,6/6/2023,1,55.1,56.75,58.4,55.03,511,273,1.87,19.99%,0.890549,16:06 ET
$SPX,4273.79,Call,4270,6/8/2023,3,22.1,22.45,22.8,21.43,907,490,1.85,12.65%,0.547606,16:06 ET
$SPX,4273.79,Put,4320,6/5/2023,0,43.6,46.9,50.2,45.53,625,340,1.84,21.64%,-0.828545,15:59 ET
$SPX,4273.79,Call,4310,6/12/2023,7,11,11.3,11.6,11.17,930,521,1.79,10.06%,0.298453,16:14 ET
$SPX,4273.79,Put,4220,6/12/2023,7,6.3,6.55,6.8,6.87,697,404,1.73,10.96%,-0.184366,16:01 ET
$SPX,4273.79,Put,4235,6/9/2023,4,6.6,6.8,7,7.1,720,416,1.73,11.99%,-0.220154,16:14 ET
$VIX,14.73,Put,16,10/18/2023,135,0.47,0.5,0.52,0.48,1501,887,1.69,0.00%,0,10:07 ET
$SPX,4273.79,Call,4300,6/13/2023,8,17.6,18,18.4,17.98,581,348,1.67,10.81%,0.380474,16:02 ET
$SPX,4273.79,Call,4265,6/6/2023,1,16.9,17.15,17.4,16.75,2108,1264,1.67,13.32%,0.625087,16:14 ET
$SPX,4273.79,Put,4260,6/16/2023,11,25.7,26.4,27.1,30.3,1520,910,1.67,11.94%,-0.412157,15:10 ET
$SPX,4273.79,Call,4280,6/8/2023,3,16.7,16.9,17.1,16.4,922,555,1.66,12.30%,0.465297,16:10 ET
$SPX,4273.79,Put,4065,6/7/2023,2,0.1,0.18,0.25,0.2,802,483,1.66,27.75%,-0.006932,15:55 ET
$SPX,4273.79,Put,3950,8/18/2023,74,28.6,29.05,29.5,29.4,581,359,1.62,19.48%,-0.147317,15:57 ET
$SPX,4273.79,Put,4000,6/12/2023,7,0.3,0.4,0.5,0.4,2658,1642,1.62,20.80%,-0.009542,16:12 ET
$SPX,4273.79,Call,4290,6/8/2023,3,12.1,12.3,12.5,12.6,710,444,1.6,12.03%,0.380822,15:58 ET
$SPX,4273.79,Put,3600,6/12/2023,7,0.1,0.15,0.2,0.15,6540,4148,1.58,43.62%,-0.001958,16:02 ET
$SPX,4273.79,Put,4290,6/9/2023,4,26.2,26.5,26.8,27.3,1624,1037,1.57,10.35%,-0.623471,16:14 ET
$SPX,4273.79,Put,4225,6/9/2023,4,5,5.2,5.4,5.35,2936,1865,1.57,12.44%,-0.177181,16:14 ET
$SPX,4273.79,Put,4225,6/6/2023,1,0.4,0.48,0.55,0.52,3542,2260,1.57,13.00%,-0.043618,16:14 ET
$SPX,4273.79,Call,4340,6/7/2023,2,0.5,0.6,0.7,0.55,916,586,1.56,11.46%,0.037965,16:14 ET
$SPX,4273.79,Put,4300,6/14/2023,9,43.1,43.5,43.9,44.11,543,353,1.54,11.68%,-0.613357,16:13 ET
$SPX,4273.79,Put,3700,6/13/2023,8,0.15,0.25,0.35,0.24,522,338,1.54,36.53%,-0.00335,16:13 ET
$SPX,4273.79,Put,4140,6/6/2023,1,0.05,0.13,0.2,0.15,781,511,1.53,25.37%,-0.007949,16:04 ET
$SPX,4273.79,Put,4150,8/18/2023,74,54.6,55.15,55.7,55.7,528,346,1.53,15.89%,-0.286903,15:57 ET
$SPX,4273.79,Call,4300,6/7/2023,2,5.4,5.55,5.7,5.4,4847,3218,1.51,11.56%,0.248927,16:14 ET
$SPX,4273.79,Call,4340,6/8/2023,3,1.45,1.55,1.65,1.5,769,512,1.5,11.45%,0.075632,16:06 ET
$SPX,4273.79,Call,4320,6/12/2023,7,8.3,8.6,8.9,8.47,1408,947,1.49,10.03%,0.242915,16:14 ET
$SPX,4273.79,Put,4200,6/7/2023,2,0.65,0.73,0.8,0.8,2762,1858,1.49,14.03%,-0.04387,16:08 ET
$SPX,4273.79,Put,3200,7/7/2023,32,0.8,0.9,1,0.9,1004,680,1.48,39.83%,-0.005407,13:23 ET
$SPX,4273.79,Call,4275,6/7/2023,2,15.3,15.5,15.7,14.82,1392,948,1.47,12.29%,0.501631,16:11 ET
$SPX,4273.79,Put,4300,6/16/2023,11,43.5,44.55,45.6,45.5,14919,10137,1.47,11.46%,-0.600998,15:59 ET
$SPX,4273.79,Put,4250,6/8/2023,3,7.5,7.7,7.9,8.3,837,574,1.46,11.39%,-0.280737,16:06 ET
$SPX,4273.79,Put,4250,6/12/2023,7,12.5,12.85,13.2,13.28,1362,937,1.45,10.25%,-0.324052,16:14 ET
$SPX,4273.79,Call,4310,6/8/2023,3,5.7,5.9,6.1,5.67,1020,714,1.43,11.69%,0.226258,16:06 ET
$SPX,4273.79,Put,3500,6/12/2023,7,0.05,0.13,0.2,0.1,582,411,1.42,48.33%,-0.00122,16:08 ET
$SPX,4273.79,Call,4525,8/18/2023,74,18.1,18.55,19,19.2,1541,1093,1.41,10.65%,0.172497,15:49 ET
$SPX,4273.79,Put,4280,6/9/2023,4,21.1,21.3,21.5,21.75,1256,899,1.4,10.71%,-0.535861,16:14 ET
$SPX,4273.79,Call,4230,6/6/2023,1,46.3,46.95,47.6,47.08,735,527,1.39,17.99%,0.867248,16:01 ET
$SPX,4273.79,Call,4280,6/7/2023,2,12.7,12.9,13.1,12.53,2197,1607,1.37,12.10%,0.449655,16:12 ET
$SPX,4273.79,Call,4255,6/6/2023,1,24.1,24.55,25,24.01,510,377,1.35,14.09%,0.732368,16:13 ET
$SPX,4273.79,Call,4500,6/12/2023,7,0.05,0.1,0.15,0.1,680,521,1.31,13.72%,0.003993,15:55 ET
$SPX,4273.79,Put,4130,6/9/2023,4,0.6,0.68,0.75,0.67,1563,1193,1.31,16.80%,-0.023619,16:05 ET
$SPX,4273.79,Call,4260,6/5/2023,0,13.4,15.2,17,15.5,3874,3027,1.28,6.35%,0.846921,15:59 ET
$SPX,4273.79,Put,4275,6/9/2023,4,18.7,18.95,19.2,19.3,2134,1677,1.27,10.85%,-0.493534,16:14 ET
$SPX,4273.79,Put,4280,6/16/2023,11,33.7,34.45,35.2,35,3060,2421,1.26,11.70%,-0.504206,16:15 ET
$SPX,4273.79,Put,4240,6/12/2023,7,10,10.3,10.6,10.6,595,473,1.26,10.63%,-0.273466,16:14 ET
$SPX,4273.79,Put,4125,6/7/2023,2,0.15,0.22,0.3,0.27,1579,1255,1.26,21.30%,-0.011569,15:53 ET
